CREATE DATABASE  IF NOT EXISTS `EXAMSIGNUP` /*!40100 DEFAULT CHARACTER SET utf8 */;
USE `EXAMSIGNUP`;
-- MySQL dump 10.13  Distrib 5.5.24, for debian-linux-gnu (i686)
--
-- Host: 10.1.130.55    Database: EXAMSIGNUP
-- ------------------------------------------------------
-- Server version	5.0.75-0ubuntu10.5

/*!40101 SET @OLD_CHARACTER_SET_CLIENT=@@CHARACTER_SET_CLIENT */;
/*!40101 SET @OLD_CHARACTER_SET_RESULTS=@@CHARACTER_SET_RESULTS */;
/*!40101 SET @OLD_COLLATION_CONNECTION=@@COLLATION_CONNECTION */;
/*!40101 SET NAMES utf8 */;
/*!40103 SET @OLD_TIME_ZONE=@@TIME_ZONE */;
/*!40103 SET TIME_ZONE='+00:00' */;
/*!40014 SET @OLD_UNIQUE_CHECKS=@@UNIQUE_CHECKS, UNIQUE_CHECKS=0 */;
/*!40014 SET @OLD_FOREIGN_KEY_CHECKS=@@FOREIGN_KEY_CHECKS, FOREIGN_KEY_CHECKS=0 */;
/*!40101 SET @OLD_SQL_MODE=@@SQL_MODE, SQL_MODE='NO_AUTO_VALUE_ON_ZERO' */;
/*!40111 SET @OLD_SQL_NOTES=@@SQL_NOTES, SQL_NOTES=0 */;

--
-- Not dumping tablespaces as no INFORMATION_SCHEMA.FILES table on this server
--

--
-- Table structure for table `EX_ARRANGE_SUPERVISOR`
--

DROP TABLE IF EXISTS `EX_ARRANGE_SUPERVISOR`;
/*!40101 SET @saved_cs_client     = @@character_set_client */;
/*!40101 SET character_set_client = utf8 */;
CREATE TABLE `EX_ARRANGE_SUPERVISOR` (
  `ID` varchar(36) NOT NULL COMMENT 'UUID',
  `SUPERVISORID` varchar(36) default NULL COMMENT '监考老师ID',
  `ARRANGEMENTID` varchar(36) default NULL COMMENT '考场安排表ID',
  `INSTITUTIONID` varchar(36) default NULL COMMENT '所属机构ID',
  `LOGICEXAMROOMNUM` varchar(36) default NULL COMMENT '逻辑考场编号,此字段为非必填字段！！！！！！！！',
  PRIMARY KEY  (`ID`),
  KEY `FK_ARRANGESUPERVISOR_SUPERVISORID` (`SUPERVISORID`),
  KEY `FK_ARRANGESUPERVISOR_ARRANGEMENTID` (`ARRANGEMENTID`),
  KEY `FK_ARRANGESUPERVISOR_INSTITUTIONID` (`INSTITUTIONID`),
  CONSTRAINT `FK_ARRANGESUPERVISOR_ARRANGEMENTID` FOREIGN KEY (`ARRANGEMENTID`) REFERENCES `EX_ARRANGEMENT` (`ID`),
  CONSTRAINT `FK_ARRANGESUPERVISOR_INSTITUTIONID` FOREIGN KEY (`INSTITUTIONID`) REFERENCES `EX_INSTITUTION` (`ID`),
  CONSTRAINT `FK_ARRANGESUPERVISOR_SUPERVISORID` FOREIGN KEY (`SUPERVISORID`) REFERENCES `EX_SUPERVISOR` (`ID`)
) ENGINE=InnoDB DEFAULT CHARSET=utf8;
/*!40101 SET character_set_client = @saved_cs_client */;

--
-- Dumping data for table `EX_ARRANGE_SUPERVISOR`
--

LOCK TABLES `EX_ARRANGE_SUPERVISOR` WRITE;
/*!40000 ALTER TABLE `EX_ARRANGE_SUPERVISOR` DISABLE KEYS */;
/*!40000 ALTER TABLE `EX_ARRANGE_SUPERVISOR` ENABLE KEYS */;
UNLOCK TABLES;

--
-- Table structure for table `EX_COLLEGE`
--

DROP TABLE IF EXISTS `EX_COLLEGE`;
/*!40101 SET @saved_cs_client     = @@character_set_client */;
/*!40101 SET character_set_client = utf8 */;
CREATE TABLE `EX_COLLEGE` (
  `ID` varchar(36) NOT NULL COMMENT 'UUID',
  `COLLEGENUM` varchar(10) default NULL COMMENT '院系代码',
  `NAME` varchar(255) default NULL COMMENT '院系名称',
  `REMARK` text COMMENT '备注',
  `INSTITUTIONID` varchar(36) default NULL COMMENT '院系所属机构ID(学校ID)',
  PRIMARY KEY  (`ID`),
  KEY `INSTITUTION_INDEX` (`INSTITUTIONID`),
  CONSTRAINT `FK_COLLEGE_INSTITUTIONID` FOREIGN KEY (`INSTITUTIONID`) REFERENCES `EX_INSTITUTION` (`ID`)
) ENGINE=InnoDB DEFAULT CHARSET=utf8;
/*!40101 SET character_set_client = @saved_cs_client */;

--
-- Dumping data for table `EX_COLLEGE`
--

LOCK TABLES `EX_COLLEGE` WRITE;
/*!40000 ALTER TABLE `EX_COLLEGE` DISABLE KEYS */;
/*!40000 ALTER TABLE `EX_COLLEGE` ENABLE KEYS */;
UNLOCK TABLES;

--
-- Table structure for table `EX_PHYSICEXAMROOM`
--

DROP TABLE IF EXISTS `EX_PHYSICEXAMROOM`;
/*!40101 SET @saved_cs_client     = @@character_set_client */;
/*!40101 SET character_set_client = utf8 */;
CREATE TABLE `EX_PHYSICEXAMROOM` (
  `ID` varchar(36) NOT NULL COMMENT 'UUID',
  `ROOMLOCATION` varchar(255) default NULL COMMENT '物理考场',
  `CAPACITY` int(10) unsigned default NULL COMMENT '考场容量(人)',
  `THEORYFLAG` enum('0','1') default NULL COMMENT '理论考标记',
  `OPERATEFLAG` enum('0','1') default NULL COMMENT '上机考标记',
  `INSTITUTIONID` varchar(36) default NULL COMMENT '机构代码',
  `CAMPUSID` varchar(36) default NULL,
  PRIMARY KEY  (`ID`),
  KEY `FK_PHYSICEXAMROOM_INSTITUTIONID` (`INSTITUTIONID`),
  KEY `FK_PHYSICEXAMROOM_CAMPUSID` (`CAMPUSID`),
  CONSTRAINT `FK_PHYSICEXAMROOM_CAMPUSID` FOREIGN KEY (`CAMPUSID`) REFERENCES `EX_CAMPUS` (`ID`),
  CONSTRAINT `FK_PHYSICEXAMROOM_INSTITUTIONID` FOREIGN KEY (`INSTITUTIONID`) REFERENCES `EX_INSTITUTION` (`ID`)
) ENGINE=InnoDB DEFAULT CHARSET=utf8;
/*!40101 SET character_set_client = @saved_cs_client */;

--
-- Dumping data for table `EX_PHYSICEXAMROOM`
--

LOCK TABLES `EX_PHYSICEXAMROOM` WRITE;
/*!40000 ALTER TABLE `EX_PHYSICEXAMROOM` DISABLE KEYS */;
/*!40000 ALTER TABLE `EX_PHYSICEXAMROOM` ENABLE KEYS */;
UNLOCK TABLES;

--
-- Table structure for table `EX_STUDENTSTATUS`
--

DROP TABLE IF EXISTS `EX_STUDENTSTATUS`;
/*!40101 SET @saved_cs_client     = @@character_set_client */;
/*!40101 SET character_set_client = utf8 */;
CREATE TABLE `EX_STUDENTSTATUS` (
  `ID` varchar(36) NOT NULL COMMENT 'UUID',
  `STATUSNUM` int(10) unsigned default NULL COMMENT '状态编码',
  `NAME` varchar(255) default NULL COMMENT '状态名称',
  `STARTTIME` datetime default NULL COMMENT '状态起始时间',
  `ENDTIME` datetime default NULL COMMENT '状态结束时间',
  `INSTITUTIONID` varchar(36) default NULL COMMENT '机构ID不同学校可能起止时间不同',
  `REMARKS` text COMMENT '备注',
  PRIMARY KEY  (`ID`),
  KEY `FK_STUDENTSTATUS_INSTITUTIONID` (`INSTITUTIONID`),
  CONSTRAINT `FK_STUDENTSTATUS_INSTITUTIONID` FOREIGN KEY (`INSTITUTIONID`) REFERENCES `EX_INSTITUTION` (`ID`)
) ENGINE=InnoDB DEFAULT CHARSET=utf8;
/*!40101 SET character_set_client = @saved_cs_client */;

--
-- Dumping data for table `EX_STUDENTSTATUS`
--

LOCK TABLES `EX_STUDENTSTATUS` WRITE;
/*!40000 ALTER TABLE `EX_STUDENTSTATUS` DISABLE KEYS */;
INSERT INTO `EX_STUDENTSTATUS` VALUES ('9a71cdc8-7717-11e1-ae83-00188b1b5605',0,'未报名',NULL,NULL,'e231d160-6a5d-11e1-aed7-00188b1b5605',NULL),('9a758256-7717-11e1-ae83-00188b1b5605',1,'已报名，未缴费',NULL,NULL,'e231d160-6a5d-11e1-aed7-00188b1b5605',NULL),('9a7819ee-7717-11e1-ae83-00188b1b5605',2,'已报名，已缴费，待审核',NULL,NULL,'e231d160-6a5d-11e1-aed7-00188b1b5605',NULL),('9a7ac586-7717-11e1-ae83-00188b1b5605',3,'审核通过，等待考试',NULL,NULL,'e231d160-6a5d-11e1-aed7-00188b1b5605',NULL),('9a826264-7717-11e1-ae83-00188b1b5605',4,'考试中',NULL,NULL,'e231d160-6a5d-11e1-aed7-00188b1b5605',NULL),('9a84f6dc-7717-11e1-ae83-00188b1b5605',5,'顺利完成考试',NULL,NULL,'e231d160-6a5d-11e1-aed7-00188b1b5605',NULL),('9a8789e2-7717-11e1-ae83-00188b1b5605',6,'缺考作弊',NULL,NULL,'e231d160-6a5d-11e1-aed7-00188b1b5605',NULL),('9a8a29ae-7717-11e1-ae83-00188b1b5605',7,'查询成绩',NULL,NULL,'e231d160-6a5d-11e1-aed7-00188b1b5605',NULL);
/*!40000 ALTER TABLE `EX_STUDENTSTATUS` ENABLE KEYS */;
UNLOCK TABLES;

--
-- Table structure for table `EX_USER`
--

DROP TABLE IF EXISTS `EX_USER`;
/*!40101 SET @saved_cs_client     = @@character_set_client */;
/*!40101 SET character_set_client = utf8 */;
CREATE TABLE `EX_USER` (
  `ID` varchar(36) NOT NULL COMMENT 'UUID',
  `LOGINNAME` varchar(255) default NULL COMMENT '登录名',
  `PASSWORD` varchar(255) default NULL COMMENT '登录密码',
  `NAME` varchar(255) default NULL COMMENT '姓名',
  `CONTACTNUM` varchar(255) default NULL COMMENT '联系电话',
  `INSTITUTIONID` varchar(36) default NULL COMMENT '所属机构ID',
  `ROLEID` varchar(36) default NULL COMMENT '角色ID',
  PRIMARY KEY  (`ID`),
  UNIQUE KEY `LOGINNAME` (`LOGINNAME`),
  KEY `FK_USER_INSTITUTIONID` (`INSTITUTIONID`),
  KEY `FK_USER_ROLEID` (`ROLEID`),
  CONSTRAINT `FK_USER_INSTITUTIONID` FOREIGN KEY (`INSTITUTIONID`) REFERENCES `EX_INSTITUTION` (`ID`),
  CONSTRAINT `FK_USER_ROLEID` FOREIGN KEY (`ROLEID`) REFERENCES `EX_ROLE` (`ID`)
) ENGINE=InnoDB DEFAULT CHARSET=utf8;
/*!40101 SET character_set_client = @saved_cs_client */;

--
-- Dumping data for table `EX_USER`
--

LOCK TABLES `EX_USER` WRITE;
/*!40000 ALTER TABLE `EX_USER` DISABLE KEYS */;
INSERT INTO `EX_USER` VALUES ('422afde4-fb3f-11e1-93c2-00215ec87adc','admin','e10adc3949ba59abbe56e057f20f883e',NULL,NULL,'297e23b1397679e701397690ffb20000','e2fd49d0-6a5d-11e1-aed7-00188b1b5605'),('42389a9a-fb3f-11e1-93c2-00215ec87adc','shengzhi','e10adc3949ba59abbe56e057f20f883e',' ',' ','297e23b1397679e701397690ffb20000','e305d596-6a5d-11e1-aed7-00188b1b5605'),('42389d74-fb3f-11e1-93c2-00215ec87adc','021','c559170f410c2734e9f0dfbfa2d1d485','',NULL,'e13570f0-6a5d-11e1-aed7-00188b1b5605','e3086bd0-6a5d-11e1-aed7-00188b1b5605'),('4238a01c-fb3f-11e1-93c2-00215ec87adc','023','d5525bb74b6c259a7c1349885dd93c33','',NULL,'e138dff6-6a5d-11e1-aed7-00188b1b5605','e3086bd0-6a5d-11e1-aed7-00188b1b5605'),('4238a292-fb3f-11e1-93c2-00215ec87adc','031','db4294d1216a0c9f454a5cfb53ff4707','',NULL,'e1401c44-6a5d-11e1-aed7-00188b1b5605','e3086bd0-6a5d-11e1-aed7-00188b1b5605'),('4238a51c-fb3f-11e1-93c2-00215ec87adc','041','199a1518e923532c685b49d02981db20','',NULL,'ff80818139a9d4130139a9d6db940001','e3086bd0-6a5d-11e1-aed7-00188b1b5605'),('4238a788-fb3f-11e1-93c2-00215ec87adc','051','5500f6fc337746e6372fd943d73a042b','',NULL,'e1435602-6a5d-11e1-aed7-00188b1b5605','e3086bd0-6a5d-11e1-aed7-00188b1b5605'),('4238a9fe-fb3f-11e1-93c2-00215ec87adc','052','161d979fcdc3d1879e7d9502e47f2a63','',NULL,'e1589eb8-6a5d-11e1-aed7-00188b1b5605','e3086bd0-6a5d-11e1-aed7-00188b1b5605'),('4238ac60-fb3f-11e1-93c2-00215ec87adc','quzhou','c4ca4238a0b923820dcc509a6f75849b',' ',' ','ff80818139a9eef00139a9fe9e0b0007','e305d596-6a5d-11e1-aed7-00188b1b5605'),('4238aed6-fb3f-11e1-93c2-00215ec87adc','hangzhou','e10adc3949ba59abbe56e057f20f883e',' ',' ','2','e305d596-6a5d-11e1-aed7-00188b1b5605'),('4238b12e-fb3f-11e1-93c2-00215ec87adc','huzhou','e10adc3949ba59abbe56e057f20f883e',' ',' ','ff80818139a9eef00139a9f0cd450000','e305d596-6a5d-11e1-aed7-00188b1b5605'),('4238b37c-fb3f-11e1-93c2-00215ec87adc','jiaxing','e10adc3949ba59abbe56e057f20f883e',' ',' ','ff80818139a9eef00139a9f23ea50001','e305d596-6a5d-11e1-aed7-00188b1b5605'),('4238b5de-fb3f-11e1-93c2-00215ec87adc','ningbo','e10adc3949ba59abbe56e057f20f883e',' ',' ','297e23b1398a477401398a5028a50000','e305d596-6a5d-11e1-aed7-00188b1b5605'),('4238b85e-fb3f-11e1-93c2-00215ec87adc','shaoxing','e10adc3949ba59abbe56e057f20f883e',' ',' ','ff80818139a9eef00139a9ffc3f40008','e305d596-6a5d-11e1-aed7-00188b1b5605'),('4238baac-fb3f-11e1-93c2-00215ec87adc','taizhou','e10adc3949ba59abbe56e057f20f883e',' ',' ','ff80818139a9eef00139aa0144150009','e305d596-6a5d-11e1-aed7-00188b1b5605'),('4238bd04-fb3f-11e1-93c2-00215ec87adc','wenzhou','e10adc3949ba59abbe56e057f20f883e',' ',' ','ff80818139a9eef00139aa03423e000b','e305d596-6a5d-11e1-aed7-00188b1b5605'),('4238bf5c-fb3f-11e1-93c2-00215ec87adc','lishui','e10adc3949ba59abbe56e057f20f883e',' ',' ','ff80818139a9eef00139a9f8a4c00004','e305d596-6a5d-11e1-aed7-00188b1b5605'),('4238c1d2-fb3f-11e1-93c2-00215ec87adc','jinhua','e10adc3949ba59abbe56e057f20f883e',' ',' ','3','e305d596-6a5d-11e1-aed7-00188b1b5605'),('4238c420-fb3f-11e1-93c2-00215ec87adc','yiwu','e10adc3949ba59abbe56e057f20f883e',' ',' ','ff80818139a9eef00139a9f5b6ac0002','e305d596-6a5d-11e1-aed7-00188b1b5605'),('4238c682-fb3f-11e1-93c2-00215ec87adc','zhoushan','e10adc3949ba59abbe56e057f20f883e',' ',' ','ff80818139a9eef00139aa060fb8000c','e305d596-6a5d-11e1-aed7-00188b1b5605'),('4238c8da-fb3f-11e1-93c2-00215ec87adc','061','bcb6ae354da2037a0cfcc06f37729f81','',NULL,'e16bb250-6a5d-11e1-aed7-00188b1b5605','e3086bd0-6a5d-11e1-aed7-00188b1b5605'),('4238cb46-fb3f-11e1-93c2-00215ec87adc','063','e5ab885b0a39b4dbfae7610b1cccb5c9','',NULL,'e171d50e-6a5d-11e1-aed7-00188b1b5605','e3086bd0-6a5d-11e1-aed7-00188b1b5605'),('4238cd94-fb3f-11e1-93c2-00215ec87adc','066','0d4bb02eefc0fdfcb4b2982eb4fd2b2e','',NULL,'e1806c5e-6a5d-11e1-aed7-00188b1b5605','e3086bd0-6a5d-11e1-aed7-00188b1b5605'),('4238cfd8-fb3f-11e1-93c2-00215ec87adc','081','576ad33c2371ec109c95fa76b907b710','',NULL,'e194e8d2-6a5d-11e1-aed7-00188b1b5605','e3086bd0-6a5d-11e1-aed7-00188b1b5605'),('42390fe8-fb3f-11e1-93c2-00215ec87adc','082','4fc688135bf4766343c8f79e5f8cf56b','',NULL,'e19b4a56-6a5d-11e1-aed7-00188b1b5605','e3086bd0-6a5d-11e1-aed7-00188b1b5605'),('4239125e-fb3f-11e1-93c2-00215ec87adc','083','f3f43b5af3bfca765e48518e9b01fc7a','',NULL,'e1a181fa-6a5d-11e1-aed7-00188b1b5605','e3086bd0-6a5d-11e1-aed7-00188b1b5605'),('423914c0-fb3f-11e1-93c2-00215ec87adc','091','653d5c79c9b3ea92e5d459efacfa1231','',NULL,'e1a55dd4-6a5d-11e1-aed7-00188b1b5605','e3086bd0-6a5d-11e1-aed7-00188b1b5605'),('42391718-fb3f-11e1-93c2-00215ec87adc','092','2843de03f66ddf35c168a0684efe5065','',NULL,'e1ae527c-6a5d-11e1-aed7-00188b1b5605','e3086bd0-6a5d-11e1-aed7-00188b1b5605'),('4239197a-fb3f-11e1-93c2-00215ec87adc','zjsksy','e10adc3949ba59abbe56e057f20f883e','',NULL,'1','e300335c-6a5d-11e1-aed7-00188b1b5605'),('42391bd2-fb3f-11e1-93c2-00215ec87adc','101','ff2364a0be3d20e46cc69efb36afe9a5','',NULL,'ff80818139a9d4130139a9d9df980002','e3086bd0-6a5d-11e1-aed7-00188b1b5605'),('42391eca-fb3f-11e1-93c2-00215ec87adc','111','e500884d0c3c271aec44621caf3c3f0a','',NULL,'e1b611d8-6a5d-11e1-aed7-00188b1b5605','e3086bd0-6a5d-11e1-aed7-00188b1b5605'),('4239212c-fb3f-11e1-93c2-00215ec87adc','112','bda4273d71c30ebe8392c00a6a49bdff','',NULL,'e1bb2e84-6a5d-11e1-aed7-00188b1b5605','e3086bd0-6a5d-11e1-aed7-00188b1b5605'),('42392398-fb3f-11e1-93c2-00215ec87adc','121','4c56ff4ce4aaf9573aa5dff913df997a','',NULL,'e1c99d20-6a5d-11e1-aed7-00188b1b5605','e3086bd0-6a5d-11e1-aed7-00188b1b5605'),('4239260e-fb3f-11e1-93c2-00215ec87adc','131','4d673df3f442cd67f03ac2ec213c3a31','',NULL,'e1cd5bc2-6a5d-11e1-aed7-00188b1b5605','e3086bd0-6a5d-11e1-aed7-00188b1b5605'),('42392866-fb3f-11e1-93c2-00215ec87adc','141','35418610f728624b85c53cd3586b8af7','',NULL,'e1cfdf82-6a5d-11e1-aed7-00188b1b5605','e3086bd0-6a5d-11e1-aed7-00188b1b5605'),('42392abe-fb3f-11e1-93c2-00215ec87adc','151','52e173150dc45d1a3417db9a0918f4ed','',NULL,'e1d276e8-6a5d-11e1-aed7-00188b1b5605','e3086bd0-6a5d-11e1-aed7-00188b1b5605'),('42392d16-fb3f-11e1-93c2-00215ec87adc','161','81131f1a18ca9bf38c71aff6a8d4027e','',NULL,'e1d5076e-6a5d-11e1-aed7-00188b1b5605','e3086bd0-6a5d-11e1-aed7-00188b1b5605'),('42392f78-fb3f-11e1-93c2-00215ec87adc','171','30d74f09baa91cb7f2ffeaa05399d344','',NULL,'ff80818139a9eef00139a9fa58ee0005','e3086bd0-6a5d-11e1-aed7-00188b1b5605'),('423931d0-fb3f-11e1-93c2-00215ec87adc','181','7ab0222a233a318a4ae805c6ba11f162','',NULL,'e1d7a4a6-6a5d-11e1-aed7-00188b1b5605','e3086bd0-6a5d-11e1-aed7-00188b1b5605'),('4239341e-fb3f-11e1-93c2-00215ec87adc','191','0006303f4be54376d42117570fa863db','',NULL,'e1da3a04-6a5d-11e1-aed7-00188b1b5605','e3086bd0-6a5d-11e1-aed7-00188b1b5605'),('423939c8-fb3f-11e1-93c2-00215ec87adc','211','1365ce9c77f0a23092ee170ce246a8e8','',NULL,'e1dcda70-6a5d-11e1-aed7-00188b1b5605','e3086bd0-6a5d-11e1-aed7-00188b1b5605'),('42393c34-fb3f-11e1-93c2-00215ec87adc','231','1549c0b7eebc6d09064208443e7688e1','',NULL,'e1df6fb0-6a5d-11e1-aed7-00188b1b5605','e3086bd0-6a5d-11e1-aed7-00188b1b5605'),('42393e96-fb3f-11e1-93c2-00215ec87adc','241','7e25b972e192b01004b62346ee9975a5','',NULL,'e1e2000e-6a5d-11e1-aed7-00188b1b5605','e3086bd0-6a5d-11e1-aed7-00188b1b5605'),('423940ee-fb3f-11e1-93c2-00215ec87adc','251','b37646dd6ec648b93506237ee2a97361','',NULL,'e1e9aad4-6a5d-11e1-aed7-00188b1b5605','e3086bd0-6a5d-11e1-aed7-00188b1b5605'),('42394350-fb3f-11e1-93c2-00215ec87adc','261','d12f703711364f32813819dc5bd6a810','',NULL,'e1ec48a2-6a5d-11e1-aed7-00188b1b5605','e3086bd0-6a5d-11e1-aed7-00188b1b5605'),('423945bc-fb3f-11e1-93c2-00215ec87adc','271','ca23327651793e4809a19dfd1fbe42af','',NULL,'e1eee274-6a5d-11e1-aed7-00188b1b5605','e3086bd0-6a5d-11e1-aed7-00188b1b5605'),('4239481e-fb3f-11e1-93c2-00215ec87adc','272','e10adc3949ba59abbe56e057f20f883e','',NULL,'e1f16efe-6a5d-11e1-aed7-00188b1b5605','e3086bd0-6a5d-11e1-aed7-00188b1b5605'),('42394a76-fb3f-11e1-93c2-00215ec87adc','281','e468e5b8effda0a6de2c889bf56d867e','',NULL,'e1f40ea2-6a5d-11e1-aed7-00188b1b5605','e3086bd0-6a5d-11e1-aed7-00188b1b5605'),('42394ce2-fb3f-11e1-93c2-00215ec87adc','301','e58a665aedf89b46b96af80cec2978e4','',NULL,'e1f7c916-6a5d-11e1-aed7-00188b1b5605','e3086bd0-6a5d-11e1-aed7-00188b1b5605'),('42394f30-fb3f-11e1-93c2-00215ec87adc','311','4d845c7d9ec65c4d1c235fabc60039bb','',NULL,'e1fa5d7a-6a5d-11e1-aed7-00188b1b5605','e3086bd0-6a5d-11e1-aed7-00188b1b5605'),('4239519c-fb3f-11e1-93c2-00215ec87adc','321','63bfd6e8f26d1d3537f4c5038264ef36','',NULL,'e1fcf594-6a5d-11e1-aed7-00188b1b5605','e3086bd0-6a5d-11e1-aed7-00188b1b5605'),('423953fe-fb3f-11e1-93c2-00215ec87adc','331','6601c29b254a972efa10a7ea8b67a3ae','',NULL,'e200d2ae-6a5d-11e1-aed7-00188b1b5605','e3086bd0-6a5d-11e1-aed7-00188b1b5605'),('42399f94-fb3f-11e1-93c2-00215ec87adc','351','b0a6730526555abc044a6ab4fc66b649','',NULL,'e204b68a-6a5d-11e1-aed7-00188b1b5605','e3086bd0-6a5d-11e1-aed7-00188b1b5605'),('4239a228-fb3f-11e1-93c2-00215ec87adc','361','de06a74bd7875c36cf5b74f5d81969d7','',NULL,'e208871a-6a5d-11e1-aed7-00188b1b5605','e3086bd0-6a5d-11e1-aed7-00188b1b5605'),('4239a48a-fb3f-11e1-93c2-00215ec87adc','371','2d8609f7ff86d99baadf522e065b8225','',NULL,'e20c854a-6a5d-11e1-aed7-00188b1b5605','e3086bd0-6a5d-11e1-aed7-00188b1b5605'),('4239adc2-fb3f-11e1-93c2-00215ec87adc','381','3db41b595e4a7014965bf142800a0320','',NULL,'e21056c0-6a5d-11e1-aed7-00188b1b5605','e3086bd0-6a5d-11e1-aed7-00188b1b5605'),('4239b02e-fb3f-11e1-93c2-00215ec87adc','391','3c807974e1d473984477372508dd8ddc','',NULL,'e21a96bc-6a5d-11e1-aed7-00188b1b5605','e3086bd0-6a5d-11e1-aed7-00188b1b5605'),('4239b29a-fb3f-11e1-93c2-00215ec87adc','401','9cd42554f48875526df3acba77758f80','',NULL,'e22773f0-6a5d-11e1-aed7-00188b1b5605','e3086bd0-6a5d-11e1-aed7-00188b1b5605'),('4239b4e8-fb3f-11e1-93c2-00215ec87adc','411','1cc29640befc25b2747f897645fec8b1','',NULL,'ff80818139a9d4130139a9d697170000','e3086bd0-6a5d-11e1-aed7-00188b1b5605'),('4239b754-fb3f-11e1-93c2-00215ec87adc','441','bd07ef469e19c76f0a2957c974323078','',NULL,'e22a188a-6a5d-11e1-aed7-00188b1b5605','e3086bd0-6a5d-11e1-aed7-00188b1b5605'),('4239b9ac-fb3f-11e1-93c2-00215ec87adc','442','cc974cca7983696d7d37b4937ca085d6','',NULL,'e22caa96-6a5d-11e1-aed7-00188b1b5605','e3086bd0-6a5d-11e1-aed7-00188b1b5605'),('4239bc68-fb3f-11e1-93c2-00215ec87adc','443','a88f332de92cff1611c188423797f823','',NULL,'e22f415c-6a5d-11e1-aed7-00188b1b5605','e3086bd0-6a5d-11e1-aed7-00188b1b5605'),('4239bec0-fb3f-11e1-93c2-00215ec87adc','451','e4a9eb70d2947967ede06bf9d59be1e7','',NULL,'e231d160-6a5d-11e1-aed7-00188b1b5605','e3086bd0-6a5d-11e1-aed7-00188b1b5605'),('4239c10e-fb3f-11e1-93c2-00215ec87adc','452','a4b61a5c174afb9be36965cdbc3c3a4a','',NULL,'e2346808-6a5d-11e1-aed7-00188b1b5605','e3086bd0-6a5d-11e1-aed7-00188b1b5605'),('4239c370-fb3f-11e1-93c2-00215ec87adc','461','10323073a7b0f84e7fe0f82c6c689ae7','',NULL,'e2370518-6a5d-11e1-aed7-00188b1b5605','e3086bd0-6a5d-11e1-aed7-00188b1b5605'),('4239c5d2-fb3f-11e1-93c2-00215ec87adc','471','598213b6ada93703df49cbfd964f002d','',NULL,'e23996c0-6a5d-11e1-aed7-00188b1b5605','e3086bd0-6a5d-11e1-aed7-00188b1b5605'),('4239c82a-fb3f-11e1-93c2-00215ec87adc','481','bf3631f9332f32fdb461e93d01b8e48b','',NULL,'e23c34ac-6a5d-11e1-aed7-00188b1b5605','e3086bd0-6a5d-11e1-aed7-00188b1b5605'),('4239ca78-fb3f-11e1-93c2-00215ec87adc','482','4c4cf6ccd43b649230759e7de1d36827','',NULL,'e23ec19a-6a5d-11e1-aed7-00188b1b5605','e3086bd0-6a5d-11e1-aed7-00188b1b5605'),('4239ccd0-fb3f-11e1-93c2-00215ec87adc','491','e1ee5e3576caa4be0c0f9059b177f3c1','',NULL,'e241dbd2-6a5d-11e1-aed7-00188b1b5605','e3086bd0-6a5d-11e1-aed7-00188b1b5605'),('4239cf32-fb3f-11e1-93c2-00215ec87adc','492','1f23e3d31947ccda16e4fafce2b36116','',NULL,'e24875fa-6a5d-11e1-aed7-00188b1b5605','e3086bd0-6a5d-11e1-aed7-00188b1b5605'),('4239d194-fb3f-11e1-93c2-00215ec87adc','501','f72a01dc09b5b58ea3014f657a920e37','',NULL,'e250253e-6a5d-11e1-aed7-00188b1b5605','e3086bd0-6a5d-11e1-aed7-00188b1b5605'),('4239d3e2-fb3f-11e1-93c2-00215ec87adc','511','4f1e10087e5592ea24857c0527a8c6f0','',NULL,'e252baa6-6a5d-11e1-aed7-00188b1b5605','e3086bd0-6a5d-11e1-aed7-00188b1b5605'),('4239d63a-fb3f-11e1-93c2-00215ec87adc','521','44e8600e9107ff24c67c7703e9610486','',NULL,'e2555126-6a5d-11e1-aed7-00188b1b5605','e3086bd0-6a5d-11e1-aed7-00188b1b5605'),('4239d8a6-fb3f-11e1-93c2-00215ec87adc','531','4d796faba4d3280d323abb07ab7fbfd2','',NULL,'e257e5d0-6a5d-11e1-aed7-00188b1b5605','e3086bd0-6a5d-11e1-aed7-00188b1b5605'),('4239dafe-fb3f-11e1-93c2-00215ec87adc','541','aae057643e4a0e0e518edc821d223455','',NULL,'e25a81fa-6a5d-11e1-aed7-00188b1b5605','e3086bd0-6a5d-11e1-aed7-00188b1b5605'),('4239dd56-fb3f-11e1-93c2-00215ec87adc','581','2256454a7ee2e661bbd4764ec329b7c3','',NULL,'e25d1712-6a5d-11e1-aed7-00188b1b5605','e3086bd0-6a5d-11e1-aed7-00188b1b5605'),('4239dfae-fb3f-11e1-93c2-00215ec87adc','591','1eca6f0d280fe9647993e9558f09f291','',NULL,'ff80818139a9d4130139a9da6ea80003','e3086bd0-6a5d-11e1-aed7-00188b1b5605'),('4239e21a-fb3f-11e1-93c2-00215ec87adc','611','a4d1f10a80537581d3180073349257a0','',NULL,'e2628026-6a5d-11e1-aed7-00188b1b5605','e3086bd0-6a5d-11e1-aed7-00188b1b5605'),('4239e468-fb3f-11e1-93c2-00215ec87adc','621','c66fa4b5ec12c356262541652e2aecec','',NULL,'e2698312-6a5d-11e1-aed7-00188b1b5605','e3086bd0-6a5d-11e1-aed7-00188b1b5605'),('4239e6c0-fb3f-11e1-93c2-00215ec87adc','631','126cc97539361e0a7936705df93d2ad2','',NULL,'e26c1668-6a5d-11e1-aed7-00188b1b5605','e3086bd0-6a5d-11e1-aed7-00188b1b5605'),('4239e90e-fb3f-11e1-93c2-00215ec87adc','651','725714b6ebe4d061da6694b048910e2b','',NULL,'e26eae96-6a5d-11e1-aed7-00188b1b5605','e3086bd0-6a5d-11e1-aed7-00188b1b5605'),('4239eb70-fb3f-11e1-93c2-00215ec87adc','661','2bd327fcca97002809722b48afed51ba','',NULL,'e2714ab6-6a5d-11e1-aed7-00188b1b5605','e3086bd0-6a5d-11e1-aed7-00188b1b5605'),('423a4354-fb3f-11e1-93c2-00215ec87adc','671','ebe3a8b3aca2d51107e36a77f2c9038e','',NULL,'e273d9ca-6a5d-11e1-aed7-00188b1b5605','e3086bd0-6a5d-11e1-aed7-00188b1b5605'),('423a45ca-fb3f-11e1-93c2-00215ec87adc','681','53461766029a0b0853878becd097dddf','',NULL,'e27b8b16-6a5d-11e1-aed7-00188b1b5605','e3086bd0-6a5d-11e1-aed7-00188b1b5605'),('423a4822-fb3f-11e1-93c2-00215ec87adc','691','520f383d71749572b4591d37faf4a59d','',NULL,'e27e292a-6a5d-11e1-aed7-00188b1b5605','e3086bd0-6a5d-11e1-aed7-00188b1b5605'),('423a4a8e-fb3f-11e1-93c2-00215ec87adc','701','451ab6c917137938fc835ba256b4785c','',NULL,'e280d328-6a5d-11e1-aed7-00188b1b5605','e3086bd0-6a5d-11e1-aed7-00188b1b5605'),('423a4ce6-fb3f-11e1-93c2-00215ec87adc','711','676565dc29c441b997e9eca00d06336b','',NULL,'e2836dea-6a5d-11e1-aed7-00188b1b5605','e3086bd0-6a5d-11e1-aed7-00188b1b5605'),('423a4f3e-fb3f-11e1-93c2-00215ec87adc','715','52ff4960550e8bb97ce3d919f9cd72f8','',NULL,'ff80818139a9eef00139aa028966000a','e3086bd0-6a5d-11e1-aed7-00188b1b5605'),('423a518c-fb3f-11e1-93c2-00215ec87adc','725','9049e3dc1e4d1b28758dc7a8caafbbc3','',NULL,'e28600b4-6a5d-11e1-aed7-00188b1b5605','e3086bd0-6a5d-11e1-aed7-00188b1b5605'),('423a53ee-fb3f-11e1-93c2-00215ec87adc','731','8860243e579c883455b0f1422b88918e','',NULL,'e288a404-6a5d-11e1-aed7-00188b1b5605','e3086bd0-6a5d-11e1-aed7-00188b1b5605'),('423a568c-fb3f-11e1-93c2-00215ec87adc','735','92528db441e1829bc673540b57dd1c0c','',NULL,'ff80818139a9eef00139a9fd95670006','e3086bd0-6a5d-11e1-aed7-00188b1b5605'),('423a58ee-fb3f-11e1-93c2-00215ec87adc','741','49a039be3b9bf454ba8f2b4bdbf99980','',NULL,'e28b364c-6a5d-11e1-aed7-00188b1b5605','e3086bd0-6a5d-11e1-aed7-00188b1b5605'),('423a5b50-fb3f-11e1-93c2-00215ec87adc','745','8b9c89d90fe266a2241c291d082326ff','',NULL,'ff80818139a9eef00139a9f6df140003','e3086bd0-6a5d-11e1-aed7-00188b1b5605'),('423a5dbc-fb3f-11e1-93c2-00215ec87adc','751','686c65ba7389ee3da7a4afbc0e7ff98d','',NULL,'e28dd762-6a5d-11e1-aed7-00188b1b5605','e3086bd0-6a5d-11e1-aed7-00188b1b5605'),('423a6014-fb3f-11e1-93c2-00215ec87adc','755','cc95b362158e7bfe6789948adf20a75f','',NULL,'e291aec8-6a5d-11e1-aed7-00188b1b5605','e3086bd0-6a5d-11e1-aed7-00188b1b5605'),('423a6262-fb3f-11e1-93c2-00215ec87adc','761','c865a2814c7b9cde6fcab2219c09dabd','',NULL,'e295820a-6a5d-11e1-aed7-00188b1b5605','e3086bd0-6a5d-11e1-aed7-00188b1b5605'),('423a64ba-fb3f-11e1-93c2-00215ec87adc','765','1c080a17db97d6401b0547c7748936f0','',NULL,'e2996bae-6a5d-11e1-aed7-00188b1b5605','e3086bd0-6a5d-11e1-aed7-00188b1b5605'),('423a6726-fb3f-11e1-93c2-00215ec87adc','791','7752a8713bd23a326d968a068d02ad1f','',NULL,'e29d42a6-6a5d-11e1-aed7-00188b1b5605','e3086bd0-6a5d-11e1-aed7-00188b1b5605'),('423a697e-fb3f-11e1-93c2-00215ec87adc','801','1c23ffb69cec37d162ac9d233223465a','',NULL,'e2a11a48-6a5d-11e1-aed7-00188b1b5605','e3086bd0-6a5d-11e1-aed7-00188b1b5605'),('423a6bcc-fb3f-11e1-93c2-00215ec87adc','805','719228077ccde7c83b028bc3db2055ff','',NULL,'e2a4ea88-6a5d-11e1-aed7-00188b1b5605','e3086bd0-6a5d-11e1-aed7-00188b1b5605'),('423a6e1a-fb3f-11e1-93c2-00215ec87adc','811','8f0bdf900e4233d999f8e8d59b912e32','',NULL,'e2adc7b6-6a5d-11e1-aed7-00188b1b5605','e3086bd0-6a5d-11e1-aed7-00188b1b5605'),('423a7086-fb3f-11e1-93c2-00215ec87adc','821','489a35003ccf74b34b479d2ecc424377','',NULL,'e2b19968-6a5d-11e1-aed7-00188b1b5605','e3086bd0-6a5d-11e1-aed7-00188b1b5605'),('423a72d4-fb3f-11e1-93c2-00215ec87adc','831','6206c016a1a7ebd8339e03c3134e4fec','',NULL,'e2b582b2-6a5d-11e1-aed7-00188b1b5605','e3086bd0-6a5d-11e1-aed7-00188b1b5605'),('423a752c-fb3f-11e1-93c2-00215ec87adc','841','c39f45aa75d8fb3fbb711d74ffa918d6','',NULL,'e2baa01c-6a5d-11e1-aed7-00188b1b5605','e3086bd0-6a5d-11e1-aed7-00188b1b5605'),('423a7784-fb3f-11e1-93c2-00215ec87adc','851','e964cf34bd470885c4d8696c6b93dc37','',NULL,'e2c7c40e-6a5d-11e1-aed7-00188b1b5605','e3086bd0-6a5d-11e1-aed7-00188b1b5605'),('423a79e6-fb3f-11e1-93c2-00215ec87adc','861','7e54ce4a0996b5982a57ae7f5c1d2bbd','',NULL,'e2cb5f9c-6a5d-11e1-aed7-00188b1b5605','e3086bd0-6a5d-11e1-aed7-00188b1b5605'),('423a7c3e-fb3f-11e1-93c2-00215ec87adc','871','071edeed1a8166f5a0ca72e91f2d78c2','',NULL,'e2ce1d4a-6a5d-11e1-aed7-00188b1b5605','e3086bd0-6a5d-11e1-aed7-00188b1b5605'),('423a7e8c-fb3f-11e1-93c2-00215ec87adc','881','3cd45f3f26bb886a8c64c43bf4ad5476','',NULL,'e2d0ac36-6a5d-11e1-aed7-00188b1b5605','e3086bd0-6a5d-11e1-aed7-00188b1b5605'),('423a80e4-fb3f-11e1-93c2-00215ec87adc','891','f6830a1f8cad65a6d5a021fc0c046fe7','',NULL,'e2d337da-6a5d-11e1-aed7-00188b1b5605','e3086bd0-6a5d-11e1-aed7-00188b1b5605'),('423a8f30-fb3f-11e1-93c2-00215ec87adc','901','b776cf5c5ce0862bc263f3eb46454445','',NULL,'e2d5de0e-6a5d-11e1-aed7-00188b1b5605','e3086bd0-6a5d-11e1-aed7-00188b1b5605'),('423a91b0-fb3f-11e1-93c2-00215ec87adc','911','dc6ee20815a399e7427cc55b3ae487a3','',NULL,'e2d86ef8-6a5d-11e1-aed7-00188b1b5605','e3086bd0-6a5d-11e1-aed7-00188b1b5605'),('423a9426-fb3f-11e1-93c2-00215ec87adc','921','d8e5b8dc82a4a86f6933e98b4d96bacd','',NULL,'e2db28f0-6a5d-11e1-aed7-00188b1b5605','e3086bd0-6a5d-11e1-aed7-00188b1b5605'),('423a96a6-fb3f-11e1-93c2-00215ec87adc','931','41c09c4aa8b94f1f5d673f05e73c82f1','',NULL,'e2e25260-6a5d-11e1-aed7-00188b1b5605','e3086bd0-6a5d-11e1-aed7-00188b1b5605'),('423a993a-fb3f-11e1-93c2-00215ec87adc','941','77aeacf8d055657343e1bf8640b4fd4b','',NULL,'e2ea62f2-6a5d-11e1-aed7-00188b1b5605','e3086bd0-6a5d-11e1-aed7-00188b1b5605'),('423af402-fb3f-11e1-93c2-00215ec87adc','951','c9432423a1cc71bee85bf89f270bd72e','',NULL,'e2f040b4-6a5d-11e1-aed7-00188b1b5605','e3086bd0-6a5d-11e1-aed7-00188b1b5605'),('423af696-fb3f-11e1-93c2-00215ec87adc','961','ff606bdb59e9fac98bf7d33b68cf3b3a','',NULL,'e2f2f57a-6a5d-11e1-aed7-00188b1b5605','e3086bd0-6a5d-11e1-aed7-00188b1b5605'),('423af902-fb3f-11e1-93c2-00215ec87adc','971','a9fe7754d915798773fe6ba4cb032ce3','',NULL,'e2f5688c-6a5d-11e1-aed7-00188b1b5605','e3086bd0-6a5d-11e1-aed7-00188b1b5605'),('423afb78-fb3f-11e1-93c2-00215ec87adc','981','af8ebe826589ffaf6e0d81c712afb7c7','',NULL,'e2f7f5e8-6a5d-11e1-aed7-00188b1b5605','e3086bd0-6a5d-11e1-aed7-00188b1b5605'),('423afde4-fb3f-11e1-93c2-00215ec87adc','991','c36921d19a5e4098a3adb706fea6fad9','',NULL,'e2fa910e-6a5d-11e1-aed7-00188b1b5605','e3086bd0-6a5d-11e1-aed7-00188b1b5605');
/*!40000 ALTER TABLE `EX_USER` ENABLE KEYS */;
UNLOCK TABLES;

--
-- Table structure for table `EX_PARAMETER`
--

DROP TABLE IF EXISTS `EX_PARAMETER`;
/*!40101 SET @saved_cs_client     = @@character_set_client */;
/*!40101 SET character_set_client = utf8 */;
CREATE TABLE `EX_PARAMETER` (
  `ID` varchar(36) NOT NULL COMMENT 'UUID',
  `NAME` varchar(100) default NULL COMMENT '参数名称',
  `PARAMVALUE` varchar(100) default NULL COMMENT '参数值',
  `PARAMTYPE` varchar(100) default NULL COMMENT '参数类型',
  `ENUMVALUE` varchar(100) default NULL COMMENT '参数枚举值',
  `MEMO` varchar(100) default NULL COMMENT '备注',
  PRIMARY KEY  (`ID`)
) ENGINE=InnoDB DEFAULT CHARSET=utf8;
/*!40101 SET character_set_client = @saved_cs_client */;

--
-- Dumping data for table `EX_PARAMETER`
--

LOCK TABLES `EX_PARAMETER` WRITE;
/*!40000 ALTER TABLE `EX_PARAMETER` DISABLE KEYS */;
INSERT INTO `EX_PARAMETER` VALUES ('297e23b1363a608801363a61247e0000','','E:\\网上报名\\模拟数据\\jpg','考生照片路径','','');
/*!40000 ALTER TABLE `EX_PARAMETER` ENABLE KEYS */;
UNLOCK TABLES;

--
-- Table structure for table `EX_ARRANGEMENT`
--

DROP TABLE IF EXISTS `EX_ARRANGEMENT`;
/*!40101 SET @saved_cs_client     = @@character_set_client */;
/*!40101 SET character_set_client = utf8 */;
CREATE TABLE `EX_ARRANGEMENT` (
  `ID` varchar(36) NOT NULL COMMENT 'UUID',
  `SECTIONID` varchar(36) default NULL COMMENT '场次ID',
  `PHYSICEXAMROOMID` varchar(36) default NULL COMMENT '物理考场id',
  `LANGUAGEID` varchar(36) default NULL COMMENT '语种ID',
  `INSTITUTIONID` varchar(36) default NULL COMMENT '机构代码',
  `STARTEXAMNUM` varchar(15) default NULL COMMENT '起始准考证号 GROUP BY EXAMNUM',
  `ENDEXAMNUM` varchar(15) default NULL COMMENT '终止准考证号',
  PRIMARY KEY  (`ID`),
  KEY `FK_ARRANGEMENT_EX_PHYSICEXAMROOMID` (`PHYSICEXAMROOMID`),
  KEY `FK_ARRANGEMENT_EX_SECTIONID` (`SECTIONID`),
  KEY `FK_ARRANGEMENT_EX_LANGUAGEID` (`LANGUAGEID`),
  KEY `FK_ARRANGEMENT_INSTITUTIONIDID` (`INSTITUTIONID`),
  CONSTRAINT `FK_ARRANGEMENT_EX_LANGUAGEID` FOREIGN KEY (`LANGUAGEID`) REFERENCES `EX_LANGUAGE` (`ID`),
  CONSTRAINT `FK_ARRANGEMENT_EX_PHYSICEXAMROOMID` FOREIGN KEY (`PHYSICEXAMROOMID`) REFERENCES `EX_PHYSICEXAMROOM` (`ID`),
  CONSTRAINT `FK_ARRANGEMENT_EX_SECTIONID` FOREIGN KEY (`SECTIONID`) REFERENCES `EX_SECTION` (`ID`),
  CONSTRAINT `FK_ARRANGEMENT_INSTITUTIONIDID` FOREIGN KEY (`INSTITUTIONID`) REFERENCES `EX_INSTITUTION` (`ID`)
) ENGINE=InnoDB DEFAULT CHARSET=utf8;
/*!40101 SET character_set_client = @saved_cs_client */;

--
-- Dumping data for table `EX_ARRANGEMENT`
--

LOCK TABLES `EX_ARRANGEMENT` WRITE;
/*!40000 ALTER TABLE `EX_ARRANGEMENT` DISABLE KEYS */;
/*!40000 ALTER TABLE `EX_ARRANGEMENT` ENABLE KEYS */;
UNLOCK TABLES;

--
-- Table structure for table `EX_SECTION`
--

DROP TABLE IF EXISTS `EX_SECTION`;
/*!40101 SET @saved_cs_client     = @@character_set_client */;
/*!40101 SET character_set_client = utf8 */;
CREATE TABLE `EX_SECTION` (
  `ID` varchar(36) NOT NULL COMMENT 'UUID',
  `SECTIONNUM` int(10) unsigned default NULL COMMENT '场次编号',
  `THEORYFLAG` enum('0','1') default NULL COMMENT '理论考标记',
  `OPERATEFLAG` enum('0','1') default NULL COMMENT '上机考标记',
  `STARTTIME` datetime default NULL COMMENT '考试开始时间',
  `INSTITUTIONID` varchar(36) default NULL COMMENT '机构代码',
  PRIMARY KEY  (`ID`),
  KEY `FK_SECTION_INSTITUTIONID` (`INSTITUTIONID`),
  CONSTRAINT `FK_SECTION_INSTITUTIONID` FOREIGN KEY (`INSTITUTIONID`) REFERENCES `EX_INSTITUTION` (`ID`)
) ENGINE=InnoDB DEFAULT CHARSET=utf8;
/*!40101 SET character_set_client = @saved_cs_client */;

--
-- Dumping data for table `EX_SECTION`
--

LOCK TABLES `EX_SECTION` WRITE;
/*!40000 ALTER TABLE `EX_SECTION` DISABLE KEYS */;
/*!40000 ALTER TABLE `EX_SECTION` ENABLE KEYS */;
UNLOCK TABLES;

--
-- Table structure for table `EX_INSTITUTION`
--

DROP TABLE IF EXISTS `EX_INSTITUTION`;
/*!40101 SET @saved_cs_client     = @@character_set_client */;
/*!40101 SET character_set_client = utf8 */;
CREATE TABLE `EX_INSTITUTION` (
  `ID` varchar(36) NOT NULL COMMENT 'UUID',
  `INSTITUTIONNUM` varchar(10) default NULL COMMENT '机构代码',
  `NAME` varchar(255) default NULL COMMENT '机构名称',
  `CATEGORY` varchar(255) default NULL COMMENT '机构类别',
  `CONTACT` text COMMENT '联系人，联系方式等',
  `REMARK` text COMMENT '备注',
  `HIGHERID` varchar(36) default NULL COMMENT '上级机构ID',
  `INSTITUTIONSTATUSID` varchar(45) default NULL,
  `SIGNUPFLAG` enum('1','0') default NULL,
  `CHECKSCOREFLAG` enum('1','0') default NULL,
  PRIMARY KEY  (`ID`),
  KEY `INDEX_INSTITUTION_INSTITUTIONNUM` (`INSTITUTIONNUM`),
  KEY `FK_INSTITUTION_HIGHERID` (`HIGHERID`),
  KEY `FK_EX_INSTITUTIONSTATUS_EX_INSTITUTIONSTATUSID` (`INSTITUTIONSTATUSID`),
  CONSTRAINT `FK_EX_INSTITUTIONSTATUS_EX_INSTITUTIONSTATUSID` FOREIGN KEY (`INSTITUTIONSTATUSID`) REFERENCES `EX_INSTITUTIONSTATUS` (`ID`),
  CONSTRAINT `FK_INSTITUTION_HIGHERID` FOREIGN KEY (`HIGHERID`) REFERENCES `EX_INSTITUTION` (`ID`)
) ENGINE=InnoDB DEFAULT CHARSET=utf8;
/*!40101 SET character_set_client = @saved_cs_client */;

--
-- Dumping data for table `EX_INSTITUTION`
--

LOCK TABLES `EX_INSTITUTION` WRITE;
/*!40000 ALTER TABLE `EX_INSTITUTION` DISABLE KEYS */;
INSERT INTO `EX_INSTITUTION` VALUES ('1','1001','浙江省考试院','province',NULL,NULL,NULL,'1',NULL,NULL),('2','0571','杭州市考试院','city','','','1','1',NULL,NULL),('297e23b1397679e701397690ffb20000','0001','省考试院（省直属高校）','city','','专门用于管理省属高校的机构','1','1',NULL,NULL),('297e23b1398a477401398a5028a50000','0574','宁波市考试院','city','','','1','1',NULL,NULL),('3','0579','金华市考试院','city','','','1','1',NULL,NULL),('e13570f0-6a5d-11e1-aed7-00188b1b5605','021','浙江师范大学','school',NULL,NULL,'3','1',NULL,NULL),('e138dff6-6a5d-11e1-aed7-00188b1b5605','023','浙师大杭州幼儿师范学院','school',NULL,NULL,'297e23b1397679e701397690ffb20000','1',NULL,NULL),('e1401c44-6a5d-11e1-aed7-00188b1b5605','031','宁波大学','school',NULL,NULL,'297e23b1398a477401398a5028a50000','1',NULL,NULL),('e1435602-6a5d-11e1-aed7-00188b1b5605','051','浙江财经学院','school','','','297e23b1397679e701397690ffb20000','1','1','0'),('e1589eb8-6a5d-11e1-aed7-00188b1b5605','052','浙江财经学院东方学院','school','','','297e23b1397679e701397690ffb20000','1',NULL,NULL),('e16bb250-6a5d-11e1-aed7-00188b1b5605','061','杭州师范大学','school',NULL,'','2','1',NULL,NULL),('e171d50e-6a5d-11e1-aed7-00188b1b5605','063','杭州师范大学','school',NULL,NULL,'2','1',NULL,NULL),('e1806c5e-6a5d-11e1-aed7-00188b1b5605','066','杭州职业技术学院严州校区','school',NULL,NULL,'2','1',NULL,NULL),('e194e8d2-6a5d-11e1-aed7-00188b1b5605','081','温州大学','school',NULL,NULL,'ff80818139a9eef00139aa03423e000b','1',NULL,NULL),('e19b4a56-6a5d-11e1-aed7-00188b1b5605','082','温州大学城市学院','school',NULL,NULL,'ff80818139a9eef00139aa03423e000b','1',NULL,NULL),('e1a181fa-6a5d-11e1-aed7-00188b1b5605','083','温州大学瓯江学院','school',NULL,NULL,'ff80818139a9eef00139aa03423e000b','1',NULL,NULL),('e1a55dd4-6a5d-11e1-aed7-00188b1b5605','091','嘉兴学院','school',NULL,NULL,'ff80818139a9eef00139a9f23ea50001','1',NULL,NULL),('e1ae527c-6a5d-11e1-aed7-00188b1b5605','092','嘉兴学院','school',NULL,NULL,'ff80818139a9eef00139a9f23ea50001','1',NULL,NULL),('e1b611d8-6a5d-11e1-aed7-00188b1b5605','111','绍兴文理学院','school',NULL,NULL,'ff80818139a9eef00139a9ffc3f40008','1',NULL,NULL),('e1bb2e84-6a5d-11e1-aed7-00188b1b5605','112','绍兴文理学院元培学院','school',NULL,NULL,'ff80818139a9eef00139a9ffc3f40008','1',NULL,NULL),('e1c99d20-6a5d-11e1-aed7-00188b1b5605','121','湖州师范学院','school',NULL,NULL,'ff80818139a9eef00139a9f0cd450000','1',NULL,NULL),('e1cd5bc2-6a5d-11e1-aed7-00188b1b5605','131','同济大学浙江学院','school',NULL,NULL,'ff80818139a9eef00139a9f23ea50001','1',NULL,NULL),('e1cfdf82-6a5d-11e1-aed7-00188b1b5605','141','台州学院','school',NULL,NULL,'ff80818139a9eef00139aa0144150009','1',NULL,NULL),('e1d276e8-6a5d-11e1-aed7-00188b1b5605','151','丽水学院','school',NULL,'','ff80818139a9eef00139a9f8a4c00004','1',NULL,NULL),('e1d5076e-6a5d-11e1-aed7-00188b1b5605','161','浙江万里学院','school',NULL,NULL,'297e23b1398a477401398a5028a50000','1',NULL,NULL),('e1d7a4a6-6a5d-11e1-aed7-00188b1b5605','181','上海财经大学浙江分院','school',NULL,NULL,'3','1',NULL,NULL),('e1da3a04-6a5d-11e1-aed7-00188b1b5605','191','浙江横店影视学院','school',NULL,NULL,'3','1',NULL,NULL),('e1dcda70-6a5d-11e1-aed7-00188b1b5605','211','浙江机电职业技术学院','school',NULL,'','297e23b1397679e701397690ffb20000','1',NULL,NULL),('e1df6fb0-6a5d-11e1-aed7-00188b1b5605','231','浙江医学职业技术学院','school',NULL,'','297e23b1397679e701397690ffb20000','1',NULL,NULL),('e1e2000e-6a5d-11e1-aed7-00188b1b5605','241','浙江育英职业技术学院','school',NULL,NULL,'2','1',NULL,NULL),('e1e9aad4-6a5d-11e1-aed7-00188b1b5605','251','丽水职业技术学院','school',NULL,NULL,'ff80818139a9eef00139a9f8a4c00004','1',NULL,NULL),('e1ec48a2-6a5d-11e1-aed7-00188b1b5605','261','浙江纺织服装职业技术学院','school',NULL,NULL,'297e23b1398a477401398a5028a50000','1',NULL,NULL),('e1eee274-6a5d-11e1-aed7-00188b1b5605','271','浙江工贸职业技术学院','school',NULL,NULL,'ff80818139a9eef00139aa03423e000b','1',NULL,NULL),('e1f16efe-6a5d-11e1-aed7-00188b1b5605','272','浙江工贸技师学院','school',NULL,NULL,NULL,'1',NULL,NULL),('e1f40ea2-6a5d-11e1-aed7-00188b1b5605','281','浙江东方职业技术学院','school',NULL,NULL,'ff80818139a9eef00139aa03423e000b','1',NULL,NULL),('e1f7c916-6a5d-11e1-aed7-00188b1b5605','301','浙江商业职业技术学院','school',NULL,NULL,'297e23b1397679e701397690ffb20000','1',NULL,NULL),('e1fa5d7a-6a5d-11e1-aed7-00188b1b5605','311','浙江艺术职业学院','school',NULL,NULL,'297e23b1397679e701397690ffb20000','1',NULL,NULL),('e1fcf594-6a5d-11e1-aed7-00188b1b5605','321','浙江经贸职业技术学院','school',NULL,NULL,'297e23b1397679e701397690ffb20000','1',NULL,NULL),('e200d2ae-6a5d-11e1-aed7-00188b1b5605','331','浙江建设职业技术学院','school',NULL,NULL,'297e23b1397679e701397690ffb20000','1',NULL,NULL),('e204b68a-6a5d-11e1-aed7-00188b1b5605','351','嘉兴职业技术学院','school',NULL,NULL,'ff80818139a9eef00139a9f23ea50001','1',NULL,NULL),('e208871a-6a5d-11e1-aed7-00188b1b5605','361','浙江越秀外国语学院','school',NULL,NULL,'ff80818139a9eef00139a9ffc3f40008','1',NULL,NULL),('e20c854a-6a5d-11e1-aed7-00188b1b5605','371','衢州职业技术学院','school',NULL,NULL,'ff80818139a9eef00139a9fe9e0b0007','1',NULL,NULL),('e21056c0-6a5d-11e1-aed7-00188b1b5605','381','杭州科技职业技术学院','school',NULL,NULL,'2','1',NULL,NULL),('e21a96bc-6a5d-11e1-aed7-00188b1b5605','391','浙江经济职业技术学院','school',NULL,NULL,'297e23b1397679e701397690ffb20000','1',NULL,NULL),('e22773f0-6a5d-11e1-aed7-00188b1b5605','401','浙江旅游职业学院','school',NULL,NULL,'297e23b1397679e701397690ffb20000','1',NULL,NULL),('e22a188a-6a5d-11e1-aed7-00188b1b5605','441','浙江工业大学','school',NULL,NULL,'297e23b1397679e701397690ffb20000','1',NULL,NULL),('e22caa96-6a5d-11e1-aed7-00188b1b5605','442','浙江工业大学','school',NULL,NULL,'297e23b1397679e701397690ffb20000','1',NULL,NULL),('e22f415c-6a5d-11e1-aed7-00188b1b5605','443','浙江工业大学之江学院','school',NULL,NULL,'297e23b1397679e701397690ffb20000','1',NULL,NULL),('e231d160-6a5d-11e1-aed7-00188b1b5605','451','杭州电子科技大学','school','','','297e23b1397679e701397690ffb20000','1','1','1'),('e2346808-6a5d-11e1-aed7-00188b1b5605','452','杭州电子科技大学信息工程学院','school','','','297e23b1397679e701397690ffb20000','1',NULL,NULL),('e2370518-6a5d-11e1-aed7-00188b1b5605','461','浙江工商大学','school',NULL,NULL,'297e23b1397679e701397690ffb20000','1',NULL,NULL),('e23996c0-6a5d-11e1-aed7-00188b1b5605','471','浙江林学院','school',NULL,NULL,'297e23b1397679e701397690ffb20000','1',NULL,NULL),('e23c34ac-6a5d-11e1-aed7-00188b1b5605','481','浙江海洋学院','school',NULL,NULL,'ff80818139a9eef00139aa060fb8000c','1',NULL,NULL),('e23ec19a-6a5d-11e1-aed7-00188b1b5605','482','浙江海洋学院','school',NULL,NULL,'ff80818139a9eef00139aa060fb8000c','1',NULL,NULL),('e241dbd2-6a5d-11e1-aed7-00188b1b5605','491','浙江理工大学','school',NULL,NULL,'297e23b1397679e701397690ffb20000','1',NULL,NULL),('e24875fa-6a5d-11e1-aed7-00188b1b5605','492','浙江理工大学科技与艺术学院','school',NULL,NULL,'297e23b1397679e701397690ffb20000','1','1',NULL),('e250253e-6a5d-11e1-aed7-00188b1b5605','501','中国计量学院','school',NULL,NULL,'297e23b1397679e701397690ffb20000','1',NULL,NULL),('e252baa6-6a5d-11e1-aed7-00188b1b5605','511','浙江中医药大学','school',NULL,NULL,'297e23b1397679e701397690ffb20000','1',NULL,NULL),('e2555126-6a5d-11e1-aed7-00188b1b5605','521','温州医学院','school',NULL,NULL,'ff80818139a9eef00139aa03423e000b','1',NULL,NULL),('e257e5d0-6a5d-11e1-aed7-00188b1b5605','531','浙江科技学院','school',NULL,NULL,'297e23b1397679e701397690ffb20000','1',NULL,NULL),('e25a81fa-6a5d-11e1-aed7-00188b1b5605','541','宁波工程学院','school',NULL,NULL,'297e23b1398a477401398a5028a50000','1',NULL,NULL),('e25d1712-6a5d-11e1-aed7-00188b1b5605','581','浙江水利水电专科学校','school',NULL,NULL,'297e23b1397679e701397690ffb20000','1',NULL,NULL),('e2628026-6a5d-11e1-aed7-00188b1b5605','611','衢州学院','school',NULL,NULL,'ff80818139a9eef00139a9fe9e0b0007','1',NULL,NULL),('e2698312-6a5d-11e1-aed7-00188b1b5605','621','浙江树人大学','school',NULL,NULL,'297e23b1397679e701397690ffb20000','1',NULL,NULL),('e26c1668-6a5d-11e1-aed7-00188b1b5605','631','浙江外国语学院','school',NULL,NULL,'297e23b1397679e701397690ffb20000','1',NULL,NULL),('e26eae96-6a5d-11e1-aed7-00188b1b5605','651','金华教育学院','school',NULL,NULL,'3','1',NULL,NULL),('e2714ab6-6a5d-11e1-aed7-00188b1b5605','661','浙江警官职业学院','school',NULL,NULL,'297e23b1397679e701397690ffb20000','1',NULL,NULL),('e273d9ca-6a5d-11e1-aed7-00188b1b5605','671','浙江金融职业学院','school',NULL,NULL,'297e23b1397679e701397690ffb20000','1',NULL,NULL),('e27b8b16-6a5d-11e1-aed7-00188b1b5605','681','浙江工业职业技术学院','school',NULL,NULL,'ff80818139a9eef00139a9ffc3f40008','1',NULL,NULL),('e27e292a-6a5d-11e1-aed7-00188b1b5605','691','浙江长征职业技术学院','school',NULL,NULL,'297e23b1397679e701397690ffb20000','1',NULL,NULL),('e280d328-6a5d-11e1-aed7-00188b1b5605','701','宁波大红鹰学院','school',NULL,NULL,'297e23b1398a477401398a5028a50000','1',NULL,NULL),('e2836dea-6a5d-11e1-aed7-00188b1b5605','711','宁波广播电视大学','school',NULL,NULL,'297e23b1398a477401398a5028a50000','1',NULL,NULL),('e28600b4-6a5d-11e1-aed7-00188b1b5605','725','嘉兴广播电视大学','school',NULL,NULL,'ff80818139a9eef00139a9f23ea50001','1',NULL,NULL),('e288a404-6a5d-11e1-aed7-00188b1b5605','731','浙江广播电视大学','school',NULL,NULL,'297e23b1397679e701397690ffb20000','1',NULL,NULL),('e28b364c-6a5d-11e1-aed7-00188b1b5605','741','温州广播电视大学','school',NULL,NULL,'ff80818139a9eef00139aa03423e000b','1',NULL,NULL),('e28dd762-6a5d-11e1-aed7-00188b1b5605','751','义乌工商学院','school',NULL,NULL,'ff80818139a9eef00139a9f5b6ac0002','1',NULL,NULL),('e291aec8-6a5d-11e1-aed7-00188b1b5605','755','浙江电力职业技术学院','school',NULL,NULL,NULL,'1',NULL,NULL),('e295820a-6a5d-11e1-aed7-00188b1b5605','761','金华职业技术学院','school',NULL,NULL,'3','1',NULL,NULL),('e2996bae-6a5d-11e1-aed7-00188b1b5605','765','宁波城市职业技术学院','school',NULL,NULL,'297e23b1398a477401398a5028a50000','1',NULL,NULL),('e29d42a6-6a5d-11e1-aed7-00188b1b5605','791','温州科技职业学院','school',NULL,NULL,'ff80818139a9eef00139aa03423e000b','1',NULL,NULL),('e2a11a48-6a5d-11e1-aed7-00188b1b5605','801','杭州职业技术学院','school',NULL,NULL,'2','1',NULL,NULL),('e2a4ea88-6a5d-11e1-aed7-00188b1b5605','805','台州科技职业学院','school',NULL,NULL,'ff80818139a9eef00139aa0144150009','1',NULL,NULL),('e2adc7b6-6a5d-11e1-aed7-00188b1b5605','811','浙江交通职业技术学院','school',NULL,NULL,'297e23b1397679e701397690ffb20000','1',NULL,NULL),('e2b19968-6a5d-11e1-aed7-00188b1b5605','821','宁波职业技术学院','school',NULL,NULL,'297e23b1398a477401398a5028a50000','1','1',NULL),('e2b582b2-6a5d-11e1-aed7-00188b1b5605','831','温州职业技术学院','school',NULL,NULL,'ff80818139a9eef00139aa03423e000b','1',NULL,NULL),('e2baa01c-6a5d-11e1-aed7-00188b1b5605','841','台州职业技术学院','school',NULL,NULL,'ff80818139a9eef00139aa0144150009','1',NULL,NULL),('e2c7c40e-6a5d-11e1-aed7-00188b1b5605','851','浙江医药高等专科学校','school',NULL,NULL,'297e23b1398a477401398a5028a50000','1',NULL,NULL),('e2cb5f9c-6a5d-11e1-aed7-00188b1b5605','861','绍兴职业技术学院','school',NULL,NULL,'ff80818139a9eef00139a9ffc3f40008','1',NULL,NULL),('e2ce1d4a-6a5d-11e1-aed7-00188b1b5605','871','浙江工商职业技术学院','school',NULL,NULL,'297e23b1398a477401398a5028a50000','1',NULL,NULL),('e2d0ac36-6a5d-11e1-aed7-00188b1b5605','881','湖州职业技术学院','school',NULL,NULL,'2','1',NULL,NULL),('e2d337da-6a5d-11e1-aed7-00188b1b5605','891','宁波教育学院','school',NULL,NULL,'297e23b1398a477401398a5028a50000','1','0',NULL),('e2d5de0e-6a5d-11e1-aed7-00188b1b5605','901','浙江大学城市学院','school',NULL,NULL,'2','1',NULL,NULL),('e2d86ef8-6a5d-11e1-aed7-00188b1b5605','911','浙江广厦建设职业技术学院','school',NULL,NULL,'3','1',NULL,NULL),('e2db28f0-6a5d-11e1-aed7-00188b1b5605','921','嘉兴南洋职业技术学院','school',NULL,NULL,'ff80818139a9eef00139a9f23ea50001','1',NULL,NULL),('e2e25260-6a5d-11e1-aed7-00188b1b5605','931','浙江大学宁波理工学院','school',NULL,NULL,'297e23b1398a477401398a5028a50000','1',NULL,NULL),('e2ea62f2-6a5d-11e1-aed7-00188b1b5605','941','杭州万向职业技术学院','school',NULL,NULL,'2','1',NULL,NULL),('e2f040b4-6a5d-11e1-aed7-00188b1b5605','951','浙江同济科技职业学院','school',NULL,NULL,'297e23b1397679e701397690ffb20000','1',NULL,NULL),('e2f2f57a-6a5d-11e1-aed7-00188b1b5605','961','宁波卫生职业技术学院','school',NULL,NULL,'297e23b1398a477401398a5028a50000','1',NULL,NULL),('e2f5688c-6a5d-11e1-aed7-00188b1b5605','971','浙江国际海运职业技术学院','school',NULL,NULL,'ff80818139a9eef00139aa060fb8000c','1',NULL,NULL),('e2f7f5e8-6a5d-11e1-aed7-00188b1b5605','981','浙江体育职业技术学院','school',NULL,NULL,'297e23b1397679e701397690ffb20000','1',NULL,NULL),('e2fa910e-6a5d-11e1-aed7-00188b1b5605','991','浙江邮电职业技术学院','school',NULL,NULL,'ff80818139a9eef00139a9ffc3f40008','1',NULL,NULL),('ff80818139a9d4130139a9d697170000','411','浙江大学','school','','','297e23b1397679e701397690ffb20000','1',NULL,NULL),('ff80818139a9d4130139a9d6db940001','041','中国美术学院','school','','','297e23b1397679e701397690ffb20000','1',NULL,NULL),('ff80818139a9d4130139a9d9df980002','101','浙江传媒学院','school','','','297e23b1397679e701397690ffb20000','1',NULL,NULL),('ff80818139a9d4130139a9da6ea80003','591','浙江警察学院','school','','','297e23b1397679e701397690ffb20000','1',NULL,NULL),('ff80818139a9eef00139a9f0cd450000','0572','湖州市考试院','city','','','1','1',NULL,NULL),('ff80818139a9eef00139a9f23ea50001','0573','嘉兴市考试院','city','','','1','1',NULL,NULL),('ff80818139a9eef00139a9f5b6ac0002','05792','义乌自考办','city','','','1','1',NULL,NULL),('ff80818139a9eef00139a9f6df140003','745','金华广播电视大学','school','','','3','1',NULL,NULL),('ff80818139a9eef00139a9f8a4c00004','0578','丽水市考试院','city','','','1','1',NULL,NULL),('ff80818139a9eef00139a9fa58ee0005','171','公安海警学院','school','','','297e23b1398a477401398a5028a50000','1',NULL,NULL),('ff80818139a9eef00139a9fd95670006','735','浙江广播电视大学工商学院','school','','','297e23b1398a477401398a5028a50000','1',NULL,NULL),('ff80818139a9eef00139a9fe9e0b0007','0570','衢州市考试院','city','','','1','1',NULL,NULL),('ff80818139a9eef00139a9ffc3f40008','0575','绍兴市考试院','city','','','1','1',NULL,NULL),('ff80818139a9eef00139aa0144150009','0576','台州市考试院','city','','','1','1',NULL,NULL),('ff80818139a9eef00139aa028966000a','715','台州广播电视大学','school','','','ff80818139a9eef00139aa0144150009','1',NULL,NULL),('ff80818139a9eef00139aa03423e000b','0577','温州市考试院','city','','','1','1',NULL,NULL),('ff80818139a9eef00139aa060fb8000c','0580 ','舟山市考试院','city','','','1','1',NULL,NULL);
/*!40000 ALTER TABLE `EX_INSTITUTION` ENABLE KEYS */;
UNLOCK TABLES;

--
-- Table structure for table `EX_NEWS`
--

DROP TABLE IF EXISTS `EX_NEWS`;
/*!40101 SET @saved_cs_client     = @@character_set_client */;
/*!40101 SET character_set_client = utf8 */;
CREATE TABLE `EX_NEWS` (
  `ID` varchar(36) NOT NULL COMMENT 'UUID',
  `TITLE` varchar(255) default NULL COMMENT '新闻标题',
  `PUBLISHER` varchar(255) default NULL COMMENT '发布方',
  `INSTITUTIONID` varchar(36) default NULL COMMENT '机构ID',
  `CONTENT` text COMMENT '发布内容',
  `BEGINDATE` datetime default NULL COMMENT '内容生效时间',
  `ENDDATE` datetime default NULL COMMENT '内容过期时间',
  PRIMARY KEY  (`ID`),
  KEY `FK_NEWS_INSTITUTIONID` (`INSTITUTIONID`),
  CONSTRAINT `FK_NEWS_INSTITUTIONID` FOREIGN KEY (`INSTITUTIONID`) REFERENCES `EX_INSTITUTION` (`ID`)
) ENGINE=InnoDB DEFAULT CHARSET=utf8;
/*!40101 SET character_set_client = @saved_cs_client */;

--
-- Dumping data for table `EX_NEWS`
--

LOCK TABLES `EX_NEWS` WRITE;
/*!40000 ALTER TABLE `EX_NEWS` DISABLE KEYS */;
/*!40000 ALTER TABLE `EX_NEWS` ENABLE KEYS */;
UNLOCK TABLES;

--
-- Table structure for table `EX_PROFESSION`
--

DROP TABLE IF EXISTS `EX_PROFESSION`;
/*!40101 SET @saved_cs_client     = @@character_set_client */;
/*!40101 SET character_set_client = utf8 */;
CREATE TABLE `EX_PROFESSION` (
  `ID` varchar(36) NOT NULL COMMENT 'UUID',
  `PROFESSIONNUM` varchar(10) default NULL COMMENT '专业代码',
  `NAME` varchar(255) default NULL COMMENT '专业名称',
  `REMARK` text COMMENT '备注',
  `INSTITUTIONID` varchar(36) default NULL COMMENT '院系所属机构ID(学校ID)',
  PRIMARY KEY  (`ID`)
) ENGINE=InnoDB DEFAULT CHARSET=utf8;
/*!40101 SET character_set_client = @saved_cs_client */;

--
-- Dumping data for table `EX_PROFESSION`
--

LOCK TABLES `EX_PROFESSION` WRITE;
/*!40000 ALTER TABLE `EX_PROFESSION` DISABLE KEYS */;
/*!40000 ALTER TABLE `EX_PROFESSION` ENABLE KEYS */;
UNLOCK TABLES;

--
-- Table structure for table `EX_CAMPUS`
--

DROP TABLE IF EXISTS `EX_CAMPUS`;
/*!40101 SET @saved_cs_client     = @@character_set_client */;
/*!40101 SET character_set_client = utf8 */;
CREATE TABLE `EX_CAMPUS` (
  `ID` varchar(36) NOT NULL COMMENT 'UUID',
  `CAMPUSNUM` varchar(10) default NULL COMMENT '校区代码',
  `NAME` varchar(255) default NULL COMMENT '校区名称',
  `REMARK` text COMMENT '备注',
  `INSTITUTIONID` varchar(36) default NULL COMMENT '校区所属机构ID(学校ID)',
  PRIMARY KEY  (`ID`),
  KEY `FK_PROFESSION_INSTITUTIONID` (`INSTITUTIONID`),
  CONSTRAINT `FK_CAMPUS_INSTITUTIONID` FOREIGN KEY (`INSTITUTIONID`) REFERENCES `EX_INSTITUTION` (`ID`),
  CONSTRAINT `FK_PROFESSION_INSTITUTIONID` FOREIGN KEY (`INSTITUTIONID`) REFERENCES `EX_INSTITUTION` (`ID`)
) ENGINE=InnoDB DEFAULT CHARSET=utf8;
/*!40101 SET character_set_client = @saved_cs_client */;

--
-- Dumping data for table `EX_CAMPUS`
--

LOCK TABLES `EX_CAMPUS` WRITE;
/*!40000 ALTER TABLE `EX_CAMPUS` DISABLE KEYS */;
/*!40000 ALTER TABLE `EX_CAMPUS` ENABLE KEYS */;
UNLOCK TABLES;

--
-- Table structure for table `EX_STUDENT`
--

DROP TABLE IF EXISTS `EX_STUDENT`;
/*!40101 SET @saved_cs_client     = @@character_set_client */;
/*!40101 SET character_set_client = utf8 */;
CREATE TABLE `EX_STUDENT` (
  `ID` varchar(36) NOT NULL COMMENT 'UUID',
  `NAME` varchar(255) default NULL COMMENT '学生姓名',
  `PASSWORD` varchar(255) default NULL COMMENT '密码',
  `SEX` enum('M','F') default NULL COMMENT '性别 男M 女F',
  `STUDENTNUM` varchar(50) default NULL COMMENT '学号',
  `IDNUM` varchar(18) default NULL COMMENT '身份证号',
  `ETHNO` varchar(100) default NULL COMMENT '民族',
  `EXAMNUM` varchar(15) default NULL COMMENT '准考证号',
  `EXAMBATCH` varchar(5) default NULL COMMENT '考试批次121',
  `GRADE` varchar(15) default NULL COMMENT '年级',
  `CLASSNUM` varchar(15) default NULL COMMENT '行政班代码',
  `LENGTHOFYEAR` varchar(10) default NULL COMMENT '学制',
  `STUDENTCATEGORY` varchar(10) default NULL COMMENT '考生类别',
  `PAIED` enum('0','1') default NULL COMMENT '是否缴费',
  `SCORE` decimal(5,2) default NULL COMMENT '分数',
  `THEORYABSENT` enum('0','1') default NULL COMMENT '理论缺考',
  `OPERATEABSENT` enum('0','1') default NULL COMMENT '上机缺考',
  `THEORYFRAUD` enum('0','1') default NULL COMMENT '理论作弊',
  `OPERATEFRAUD` enum('0','1') default NULL COMMENT '上机作弊',
  `PROFESSIONID` varchar(36) default NULL COMMENT '专业',
  `CAMPUSID` varchar(36) default NULL,
  `COLLEGEID` varchar(36) default NULL COMMENT '学院',
  `LANGUAGEID` varchar(36) default NULL COMMENT '语种编码',
  `STATUSID` varchar(36) default NULL COMMENT '状态代码',
  `THEORYARRANGEID` varchar(36) default NULL COMMENT '理论考试安排表',
  `OPERATEARRANGEID` varchar(36) default NULL COMMENT '上机考试安排表',
  `INSTITUTIONID` varchar(36) default NULL COMMENT '学生所属机构编码(学校编码)',
  `NEWSCORE` decimal(5,2) default NULL,
  `REMARK` varchar(400) default NULL,
  `OPERATESEAT` int(11) default NULL,
  PRIMARY KEY  (`ID`),
  KEY `INDEX_STUDENT_IDNUM` (`IDNUM`),
  KEY `INDEX_STUDENT_EXAMNUM` (`EXAMNUM`),
  KEY `INDEX_STUDENT_STUDENTNUM` (`STUDENTNUM`),
  KEY `FK_STUDENT_CAMPUSID` (`CAMPUSID`),
  KEY `FK_STUDENT_COLLEGEID` (`COLLEGEID`),
  KEY `FK_STUDENT_PROFESSIONID` (`PROFESSIONID`),
  KEY `FK_STUDENT_LANGUAGEID` (`LANGUAGEID`),
  KEY `FK_STUDENT_INSTITUTIONID` (`INSTITUTIONID`),
  KEY `FK_STUDENT_THEORYARRANGEID` (`THEORYARRANGEID`),
  KEY `FK_STUDENT_OPERATEARRANGEID` (`OPERATEARRANGEID`),
  KEY `FK_STUDENT_STATUSID` (`STATUSID`),
  CONSTRAINT `FK_STUDENT_CAMPUSID` FOREIGN KEY (`CAMPUSID`) REFERENCES `EX_CAMPUS` (`ID`),
  CONSTRAINT `FK_STUDENT_COLLEGEID` FOREIGN KEY (`COLLEGEID`) REFERENCES `EX_COLLEGE` (`ID`),
  CONSTRAINT `FK_STUDENT_INSTITUTIONID` FOREIGN KEY (`INSTITUTIONID`) REFERENCES `EX_INSTITUTION` (`ID`),
  CONSTRAINT `FK_STUDENT_LANGUAGEID` FOREIGN KEY (`LANGUAGEID`) REFERENCES `EX_LANGUAGE` (`ID`),
  CONSTRAINT `FK_STUDENT_OPERATEARRANGEID` FOREIGN KEY (`OPERATEARRANGEID`) REFERENCES `EX_ARRANGEMENT` (`ID`),
  CONSTRAINT `FK_STUDENT_PROFESSIONID` FOREIGN KEY (`PROFESSIONID`) REFERENCES `EX_PROFESSION` (`ID`),
  CONSTRAINT `FK_STUDENT_STATUSID` FOREIGN KEY (`STATUSID`) REFERENCES `EX_STUDENTSTATUS` (`ID`),
  CONSTRAINT `FK_STUDENT_THEORYARRANGEID` FOREIGN KEY (`THEORYARRANGEID`) REFERENCES `EX_ARRANGEMENT` (`ID`)
) ENGINE=InnoDB DEFAULT CHARSET=utf8;
/*!40101 SET character_set_client = @saved_cs_client */;

--
-- Dumping data for table `EX_STUDENT`
--

LOCK TABLES `EX_STUDENT` WRITE;
/*!40000 ALTER TABLE `EX_STUDENT` DISABLE KEYS */;
/*!40000 ALTER TABLE `EX_STUDENT` ENABLE KEYS */;
UNLOCK TABLES;

--
-- Table structure for table `EX_LANGUAGE`
--

DROP TABLE IF EXISTS `EX_LANGUAGE`;
/*!40101 SET @saved_cs_client     = @@character_set_client */;
/*!40101 SET character_set_client = utf8 */;
CREATE TABLE `EX_LANGUAGE` (
  `ID` varchar(36) NOT NULL COMMENT 'UUID',
  `LANGUAGENUM` varchar(10) default NULL COMMENT '语种编号',
  `NAME` varchar(255) default NULL COMMENT '考试名称',
  `THEORYFLAG` enum('0','1') default NULL COMMENT '理论考标记',
  `OPERATEFLAG` enum('0','1') default NULL COMMENT '上机考标记',
  `THEORYLENGTH` int(10) unsigned default NULL COMMENT '理论考试时间长度',
  `OPERATELENGTH` int(10) unsigned default NULL COMMENT '上机考试时间长度',
  PRIMARY KEY  (`ID`)
) ENGINE=InnoDB DEFAULT CHARSET=utf8;
/*!40101 SET character_set_client = @saved_cs_client */;

--
-- Dumping data for table `EX_LANGUAGE`
--

LOCK TABLES `EX_LANGUAGE` WRITE;
/*!40000 ALTER TABLE `EX_LANGUAGE` DISABLE KEYS */;
INSERT INTO `EX_LANGUAGE` VALUES ('63707d60-70e1-11e1-aed7-00188b1b5605','11','一级 Windows','0','1',0,60),('637a78b0-70e1-11e1-aed7-00188b1b5605','12','一级 Linux','0','1',0,60),('637f41e2-70e1-11e1-aed7-00188b1b5605','21','二级 C语言','1','1',90,90),('6381d57e-70e1-11e1-aed7-00188b1b5605','22','二级 VFP','1','1',90,90),('6384662c-70e1-11e1-aed7-00188b1b5605','23','二级 VB','1','1',90,90),('6386ff86-70e1-11e1-aed7-00188b1b5605','24','二级 Java','1','1',90,90),('6389baf0-70e1-11e1-aed7-00188b1b5605','25','二级 动漫设计','0','1',0,90),('638c2272-70e1-11e1-aed7-00188b1b5605','26','二级 办公软件高级应用技术','0','1',0,90),('638ebabe-70e1-11e1-aed7-00188b1b5605','31','三级 数据库技术','1','0',120,0),('6391526a-70e1-11e1-aed7-00188b1b5605','32','三级 计算机网络技术','1','0',120,0),('6397e4d6-70e1-11e1-aed7-00188b1b5605','33','三级 单片机及应用技术','1','0',120,0),('63a04d24-70e1-11e1-aed7-00188b1b5605','34','三级 嵌入式系统及应用技术','1','0',120,0),('63a2e1a6-70e1-11e1-aed7-00188b1b5605','35','三级 Linux网络管理及应用技术','1','0',120,0);
/*!40000 ALTER TABLE `EX_LANGUAGE` ENABLE KEYS */;
UNLOCK TABLES;

--
-- Table structure for table `EX_MAINMENU`
--

DROP TABLE IF EXISTS `EX_MAINMENU`;
/*!40101 SET @saved_cs_client     = @@character_set_client */;
/*!40101 SET character_set_client = utf8 */;
CREATE TABLE `EX_MAINMENU` (
  `ID` varchar(36) NOT NULL COMMENT 'UUID',
  `MENUID` varchar(40) NOT NULL COMMENT '菜单ID',
  `SHOWNAME` varchar(100) default NULL COMMENT '菜单显示名称',
  `ONCLICKSCRIPT` varchar(1000) default NULL COMMENT '单击脚本',
  `SORTINDEX` int(11) default NULL COMMENT '排序索引',
  `ROLEID` varchar(36) default NULL COMMENT '角色',
  `MAINMENUID` varchar(36) default NULL COMMENT '父菜单ID',
  PRIMARY KEY  (`ID`),
  UNIQUE KEY `MENUID` (`MENUID`),
  KEY `FK_MAINMENU_ROLEID` (`ROLEID`),
  KEY `FK_EX_MAINMENU_MAINMENUID` (`MAINMENUID`),
  CONSTRAINT `FK_EX_MAINMENU_MAINMENUID` FOREIGN KEY (`MAINMENUID`) REFERENCES `EX_MAINMENU` (`ID`),
  CONSTRAINT `FK_MAINMENU_ROLEID` FOREIGN KEY (`ROLEID`) REFERENCES `EX_ROLE` (`ID`)
) ENGINE=InnoDB DEFAULT CHARSET=utf8;
/*!40101 SET character_set_client = @saved_cs_client */;

--
-- Dumping data for table `EX_MAINMENU`
--

LOCK TABLES `EX_MAINMENU` WRITE;
/*!40000 ALTER TABLE `EX_MAINMENU` DISABLE KEYS */;
INSERT INTO `EX_MAINMENU` VALUES ('297e23b139726707013972693a180000','provinceExamCollegeManage','省考试院管理',NULL,10,'e300335c-6a5d-11e1-aed7-00188b1b5605',NULL),('297e23b1397267070139726b50b30001','SchoolUserManage','高校用户管理','jsp/SchoolUserManage.jsp',105,'e300335c-6a5d-11e1-aed7-00188b1b5605','297e23b139726707013972693a180000'),('297e23b139753a5f0139753d07280000','CityUser','市地考试院用户管理','jsp/CityUser.jsp',104,'e300335c-6a5d-11e1-aed7-00188b1b5605','297e23b139726707013972693a180000'),('297e23b1397630a90139763298de0000','SchoolManage','高校管理','jsp/SchoolManage.jsp',102,'e300335c-6a5d-11e1-aed7-00188b1b5605','297e23b139726707013972693a180000'),('297e23b13976743101397675a21e0000','CityInstitutionManage','市地考试院管理','jsp/CityInstitutionManage.jsp',101,'e300335c-6a5d-11e1-aed7-00188b1b5605','297e23b139726707013972693a180000'),('297e23b1397758730139775bf2d70001','ProvinceSignUpInfoSum','市地考试院报名信息统计','jsp/ProvinceSignUpInfoSum.jsp',107,'e300335c-6a5d-11e1-aed7-00188b1b5605','297e23b139726707013972693a180000'),('297e23b1397758730139775d620b0002','ClearSignUpInfo','清除历史报名信息','jsp/ClearSignUpInfo.jsp',120,'e300335c-6a5d-11e1-aed7-00188b1b5605','297e23b139726707013972693a180000'),('297e23b1397ae2ef01397c598c7e0002','ModifyPassword1','修改密码','jsp/ModifyPassword.jsp',89,'e305d596-6a5d-11e1-aed7-00188b1b5605','ff808181396c066201396c0d87910000'),('297e23b13986ca9a013986d328a90000','AllProvinceSignUpInfo','全省高校报名信息统计','jsp/AllProvinceSignUpInfoSum.jsp',108,'e300335c-6a5d-11e1-aed7-00188b1b5605','297e23b139726707013972693a180000'),('297e23b139a3c2cf0139a3c4be8b0000','AllProvincePaperBags','理论考卷袋数统计','jsp/AllProvincePaperBags.jsp',110,'e300335c-6a5d-11e1-aed7-00188b1b5605','297e23b139726707013972693a180000'),('297e23b139a9ed1d0139aa0656f60000','CityPaperBags','理论考试袋数统计','jsp/CityPaperBags.jsp',85,'e305d596-6a5d-11e1-aed7-00188b1b5605','ff808181396c066201396c0d87910000'),('297e23b139a9ed1d0139aa0656f87500','CityExportCj','下载成绩','jsp/CityExportCJ.jsp',87,'e305d596-6a5d-11e1-aed7-00188b1b5605','ff808181396c066201396c0d87910000'),('297e23b139ab1df60139ab422ac10000','CitySignUpInfoFJ','报名数据统计分语种等级','jsp/CitySignUpInfoFJ.jsp',84,'e305d596-6a5d-11e1-aed7-00188b1b5605','ff808181396c066201396c0d87910000'),('297e23b139c907dd0139c9255ce20001','ProvienceSetSchoolState','市地考试院审核状态查看','jsp/ProvienceSetSchoolState.jsp',111,'e300335c-6a5d-11e1-aed7-00188b1b5605','297e23b139726707013972693a180000'),('40285c8136a023980136a031d7e30000','ModifyPassword','修改密码','jsp/ModifyPassword.jsp',51,'e3086bd0-6a5d-11e1-aed7-00188b1b5605','79096da8-651f-11e1-aed7-00188b1b5610'),('79096da8-651f-11e1-aed7-00188b1b5610','systemmaintenance','系统维护','',5,'e2fd49d0-6a5d-11e1-aed7-00188b1b5605',NULL),('79096da8-651f-11e1-aed7-00188b1b5611','menuManage','菜单配置','jsp/MenuManage.jsp',50,'e3086bd0-6a5d-11e1-aed7-00188b1b5605','79096da8-651f-11e1-aed7-00188b1b5610'),('ff808181396c066201396c0d87910000','citymanage','所属学校管理',NULL,8,'e305d596-6a5d-11e1-aed7-00188b1b5605',NULL),('ff808181396c23e601396c28e4860000','SchoolSignUpInfo','所属学校报名信息','jsp/SchoolSignUpInfo.jsp',81,'e305d596-6a5d-11e1-aed7-00188b1b5605','ff808181396c066201396c0d87910000'),('ff808181397066bd013970688fcf0000','SchoolStateManage','所属学校状态管理','jsp/SchoolStateManage.jsp',82,'e305d596-6a5d-11e1-aed7-00188b1b5605','ff808181396c066201396c0d87910000'),('ff80818139920d8401399acac7f00000','AllProvinceSignUpInfoFJ','报名数据统计分语种等级','jsp/AllProvinceSignUpInfoFJ.jsp',109,'e300335c-6a5d-11e1-aed7-00188b1b5605','297e23b139726707013972693a180000'),('ff80818139a570650139a57394570000','InstitutionStatusManager','状态时段管理','jsp/InstitutionStatusManager.jsp',121,'e300335c-6a5d-11e1-aed7-00188b1b5605','297e23b139726707013972693a180000'),('ff80818139cdeb430139cf4bf789026a','studataupload','考生报名数据上报与统计',NULL,9,'e3086bd0-6a5d-11e1-aed7-00188b1b5605',NULL),('ff80818139cdeb430139cf4c874d026b','ImportKsdb','上报考生报名数据','jsp/ImportKsdb.jsp',91,'e3086bd0-6a5d-11e1-aed7-00188b1b5605','ff80818139cdeb430139cf4bf789026a'),('ff80818139cdeb430139cf4cf51e026c','ApprovalData','考生报名数据审核','jsp/SchoolStuInfoCheck.jsp',92,'e3086bd0-6a5d-11e1-aed7-00188b1b5605','ff80818139cdeb430139cf4bf789026a'),('ff80818139cdeb430139cf4dc542026d','ExportOneSchoolCJ','下载考生成绩','jsp/ExportOneSchoolStudentCJ.jsp',96,'e3086bd0-6a5d-11e1-aed7-00188b1b5605','ff80818139cdeb430139cf4bf789026a'),('ff80818139cdeb430139cf4ec43b026e','SchoolPaperBags','理论考卷袋数统计','jsp/SchoolPaperBags.jsp',92,'e3086bd0-6a5d-11e1-aed7-00188b1b5605','ff80818139cdeb430139cf4bf789026a'),('ff80818139cdeb430139cf4f438a026f','ImportFraud','上报作弊库','jsp/ImportFraud.jsp',93,'e3086bd0-6a5d-11e1-aed7-00188b1b5605','ff80818139cdeb430139cf4bf789026a'),('ff80818139cdeb430139cf4fab070270','ImportAbsent','上报缺考库','jsp/ImportAbsent.jsp',94,'e3086bd0-6a5d-11e1-aed7-00188b1b5605','ff80818139cdeb430139cf4bf789026a'),('ff80818139cdeb430139cf500bc10271','SoftwareDownload','相关软件下载','jsp/SoftwareDownload.jsp',11,'e3086bd0-6a5d-11e1-aed7-00188b1b5605','ff80818139cdeb430139cf4bf789026a');
/*!40000 ALTER TABLE `EX_MAINMENU` ENABLE KEYS */;
UNLOCK TABLES;

--
-- Table structure for table `EX_SUPERVISOR`
--

DROP TABLE IF EXISTS `EX_SUPERVISOR`;
/*!40101 SET @saved_cs_client     = @@character_set_client */;
/*!40101 SET character_set_client = utf8 */;
CREATE TABLE `EX_SUPERVISOR` (
  `ID` varchar(36) NOT NULL COMMENT 'UUID',
  `NAME` varchar(255) default NULL COMMENT '监考人姓名',
  `SUPERVISORNUM` varchar(50) default NULL COMMENT '教工号',
  `CONTACT` text COMMENT '联系方式',
  `INSTITUTIONID` varchar(36) default NULL COMMENT '所属机构',
  `THEORYFLAG` enum('0','1') default NULL,
  `OPERATEFLAG` enum('0','1') default NULL,
  `COLLEGEID` varchar(36) default NULL,
  `PRIMARYFLAG` enum('0','1') default NULL,
  PRIMARY KEY  (`ID`),
  KEY `FK_SUPERVISOR_INSTITUTIONID` (`INSTITUTIONID`),
  KEY `FK_SUPERVISOR_COLLEGEID` (`COLLEGEID`),
  CONSTRAINT `FK_SUPERVISOR_COLLEGEID` FOREIGN KEY (`COLLEGEID`) REFERENCES `EX_COLLEGE` (`ID`) ON DELETE NO ACTION ON UPDATE NO ACTION,
  CONSTRAINT `FK_SUPERVISOR_INSTITUTIONID` FOREIGN KEY (`INSTITUTIONID`) REFERENCES `EX_INSTITUTION` (`ID`)
) ENGINE=InnoDB DEFAULT CHARSET=utf8;
/*!40101 SET character_set_client = @saved_cs_client */;

--
-- Dumping data for table `EX_SUPERVISOR`
--

LOCK TABLES `EX_SUPERVISOR` WRITE;
/*!40000 ALTER TABLE `EX_SUPERVISOR` DISABLE KEYS */;
/*!40000 ALTER TABLE `EX_SUPERVISOR` ENABLE KEYS */;
UNLOCK TABLES;

--
-- Table structure for table `EX_INSTITUTIONSTATUS`
--

DROP TABLE IF EXISTS `EX_INSTITUTIONSTATUS`;
/*!40101 SET @saved_cs_client     = @@character_set_client */;
/*!40101 SET character_set_client = utf8 */;
CREATE TABLE `EX_INSTITUTIONSTATUS` (
  `ID` varchar(36) NOT NULL COMMENT 'UUID',
  `STATUSNUM` int(10) unsigned default NULL COMMENT '状态编码',
  `NAME` varchar(255) default NULL COMMENT '状态名称',
  `STARTTIME` datetime default NULL COMMENT '状态起始时间',
  `ENDTIME` datetime default NULL COMMENT '状态结束时间',
  `ALTERMESSAGE` varchar(255) default NULL COMMENT '转入下一状态的提示语',
  `REMARKS` text COMMENT '备注',
  `ROLENAME` varchar(255) default NULL,
  `INDEXNUM` int(10) default NULL,
  PRIMARY KEY  (`ID`),
  UNIQUE KEY `INDEX_UNIQUE` (`INDEXNUM`),
  UNIQUE KEY `STATUSNUM_UNIQUE` (`STATUSNUM`)
) ENGINE=InnoDB DEFAULT CHARSET=utf8;
/*!40101 SET character_set_client = @saved_cs_client */;

--
-- Dumping data for table `EX_INSTITUTIONSTATUS`
--

LOCK TABLES `EX_INSTITUTIONSTATUS` WRITE;
/*!40000 ALTER TABLE `EX_INSTITUTIONSTATUS` DISABLE KEYS */;
INSERT INTO `EX_INSTITUTIONSTATUS` VALUES ('1',1,'高校未上报','2012-09-01 12:00:00','2012-09-12 12:00:00','请在endtime之前上报考生数据','高校未上报','school',1),('2',2,'已上报，等待高校确认','2012-09-04 00:00:00','2012-09-19 12:00:00','请在endtime之前上报的考生数据进行确认！','高校数据上报时段和确认时段','school',2),('3',3,'高校已确认，等待市级考试院确认','2012-09-16 12:00:00','2012-09-17 12:00:00','请在endtime之前对所属高校数据进行确认！','市地考试院确认时段','cityManager',3),('4',4,'市级考试院已确认','2001-01-01 12:00:00','2001-01-01 12:00:00','',NULL,'province',4);
/*!40000 ALTER TABLE `EX_INSTITUTIONSTATUS` ENABLE KEYS */;
UNLOCK TABLES;

--
-- Table structure for table `EX_ROLE`
--

DROP TABLE IF EXISTS `EX_ROLE`;
/*!40101 SET @saved_cs_client     = @@character_set_client */;
/*!40101 SET character_set_client = utf8 */;
CREATE TABLE `EX_ROLE` (
  `ID` varchar(36) NOT NULL COMMENT 'UUID',
  `ROLENUM` int(10) unsigned default NULL COMMENT '角色编号,角色编号0为最高权限，高权限者拥有控制低权限者的权利',
  `NAME` varchar(255) default NULL COMMENT '角色名称',
  `REMARK` text COMMENT '备注',
  PRIMARY KEY  (`ID`)
) ENGINE=InnoDB DEFAULT CHARSET=utf8;
/*!40101 SET character_set_client = @saved_cs_client */;

--
-- Dumping data for table `EX_ROLE`
--

LOCK TABLES `EX_ROLE` WRITE;
/*!40000 ALTER TABLE `EX_ROLE` DISABLE KEYS */;
INSERT INTO `EX_ROLE` VALUES ('e2fd49d0-6a5d-11e1-aed7-00188b1b5605',0,'root','管理员'),('e300335c-6a5d-11e1-aed7-00188b1b5605',1,'provinceManager','省考试院'),('e305d596-6a5d-11e1-aed7-00188b1b5605',2,'cityManager','市考试院'),('e3086bd0-6a5d-11e1-aed7-00188b1b5605',3,'school','高校'),('e30b09d0-6a5d-11e1-aed7-00188b1b5605',8,'student','考生');
/*!40000 ALTER TABLE `EX_ROLE` ENABLE KEYS */;
UNLOCK TABLES;
/*!40103 SET TIME_ZONE=@OLD_TIME_ZONE */;

/*!40101 SET SQL_MODE=@OLD_SQL_MODE */;
/*!40014 SET FOREIGN_KEY_CHECKS=@OLD_FOREIGN_KEY_CHECKS */;
/*!40014 SET UNIQUE_CHECKS=@OLD_UNIQUE_CHECKS */;
/*!40101 SET CHARACTER_SET_CLIENT=@OLD_CHARACTER_SET_CLIENT */;
/*!40101 SET CHARACTER_SET_RESULTS=@OLD_CHARACTER_SET_RESULTS */;
/*!40101 SET COLLATION_CONNECTION=@OLD_COLLATION_CONNECTION */;
/*!40111 SET SQL_NOTES=@OLD_SQL_NOTES */;

-- Dump completed on 2012-09-17 19:56:36
